tool	Paladinus 	Paladinus 	Paladinus 	Paladinus 	Paladinus 	Paladinus 
run set	paladinus.FOND	paladinus.FOND	paladinus.FOND	paladinus.FOND	paladinus.FOND	paladinus.FOND
/mnt/projects/fondasp/cfond-asp-private/experiments/benchexec/tasks/	status	cputime (s)	walltime (s)	memory (MB)	planner_time	policy_size
acrobatics_01.yml	true	0.416907	0.4532777760177851	31.989760	0.036	3
acrobatics_02.yml	true	0.448627	0.4757532998919487	32.026624	0.061	7
acrobatics_03.yml	true	0.501916	0.5439648553729057	32.092160	0.115	15
acrobatics_04.yml	true	0.681321	0.7165743503719568	46.497792	0.261	31
acrobatics_05.yml	true	1.171665	1.2356821149587631	54.849536	0.687	63
acrobatics_06.yml	true	2.819233	2.888596875593066	67.305472	2.305	127
acrobatics_07.yml	true	11.478949	11.51322565600276	71.823360	10.809	255
acrobatics_08.yml	true	71.897328	71.92680467665195	111.165440	71.069	511
beam-walk_01.yml	true	0.375828	0.4066944047808647	31.879168	0.04	7
beam-walk_02.yml	true	0.400706	0.43386285379529	32.075776	0.047	15
beam-walk_03.yml	true	0.440306	0.46979181468486786	32.079872	0.088	31
beam-walk_04.yml	true	0.535851	0.5676085539162159	32.149504	0.15	63
beam-walk_05.yml	true	0.694834	0.71812479570508	40.833024	0.275	127
beam-walk_06.yml	true	0.892953	0.9274259600788355	47.710208	0.418	255
beam-walk_07.yml	true	1.459893	1.52759157307446	69.148672	0.875	511
beam-walk_08.yml	true	2.6297	2.6604169737547636	84.201472	1.888	1023
beam-walk_09.yml	true	5.072605	5.0979763232171535	139.300864	4.033	2047
beam-walk_10.yml	false	13.780185	13.823081092908978	210.169856	-1	-1
beam-walk_11.yml	false	57.095449	57.13045587949455	185.745408	-1	-1
blocksworld-ipc08_01.yml	true	0.963956	1.0212282668799162	48.074752	0.414	10
blocksworld-ipc08_02.yml	true	0.992399	1.023587703704834	50.614272	0.466	8
blocksworld-ipc08_03.yml	true	1.109965	1.146652352064848	58.269696	0.566	10
blocksworld-ipc08_04.yml	true	4.839618	4.861347395926714	163.614720	4.297	16
blocksworld-ipc08_05.yml	true	2.261211	2.2918477058410645	91.430912	1.762	16
blocksworld-ipc08_06.yml	true	1.559936	1.6086050514131784	71.802880	1.025	12
blocksworld-ipc08_07.yml	true	5.205159	5.21921126358211	177.029120	4.655	16
blocksworld-ipc08_08.yml	true	3.805582	3.8313165195286274	128.372736	3.274	14
blocksworld-ipc08_09.yml	true	0.884426	0.9468605518341064	45.060096	0.355	8
blocksworld-ipc08_10.yml	true	0.947053	0.9774741865694523	47.460352	0.422	10
blocksworld-ipc08_11.yml	false	3086.006461	3086.3107502385974	3325.517824	-1	-1
blocksworld-ipc08_12.yml	false	3017.437716	3017.7021369338036	3332.501504	-1	-1
blocksworld-ipc08_13.yml	false	2829.723949	2830.0441323723644	3335.925760	-1	-1
blocksworld-ipc08_14.yml	false	2997.55913	2997.795024342835	3330.375680	-1	-1
blocksworld-ipc08_15.yml	false	3056.989502	3057.257110970095	3333.210112	-1	-1
blocksworld-ipc08_16.yml	false	2858.848153	2859.8085304498672	3330.994176	-1	-1
blocksworld-ipc08_17.yml	false	3295.417457	3295.8039026744664	3361.509376	-1	-1
blocksworld-ipc08_18.yml	false	3012.879849	3013.169642146677	3333.799936	-1	-1
blocksworld-ipc08_19.yml	false	2767.833582	2768.570511037484	3335.843840	-1	-1
blocksworld-ipc08_20.yml	false	2827.947109	2828.8845265042037	3317.379072	-1	-1
blocksworld-ipc08_21.yml	false	6597.459687	6597.999653114006	3298.131968	-1	-1
blocksworld-ipc08_22.yml	false	6855.467855	6856.038495874032	3298.947072	-1	-1
blocksworld-ipc08_23.yml	false	6641.528204	6642.069713179022	3303.206912	-1	-1
blocksworld-ipc08_24.yml	false	6948.449071	6948.993371203542	3300.667392	-1	-1
blocksworld-ipc08_25.yml	false	6713.107437	6713.636735236272	3298.168832	-1	-1
blocksworld-ipc08_26.yml	false	6595.160157	6595.718393102288	3305.009152	-1	-1
blocksworld-ipc08_27.yml	false	6764.353192	6765.249777045101	3305.660416	-1	-1
blocksworld-ipc08_28.yml	false	6901.344884	6903.405395634472	3300.839424	-1	-1
blocksworld-ipc08_29.yml	false	6924.46917	6925.019493896514	3298.050048	-1	-1
blocksworld-ipc08_30.yml	false	6745.487661	6746.03621785529	3299.565568	-1	-1
blocksworld-new_1.yml	true	0.473275	0.5128354281187057	32.391168	0.096	4
blocksworld-new_10.yml	false	2893.580339	2893.8700611777604	3324.854272	-1	-1
blocksworld-new_11.yml	false	3443.207931	3443.5050871782005	3327.668224	-1	-1
blocksworld-new_12.yml	false	3614.113626	3614.444181555882	3317.297152	-1	-1
blocksworld-new_13.yml	false	4417.22528	4417.596645856276	3320.012800	-1	-1
blocksworld-new_14.yml	false	6290.993563	6291.51143139042	3312.840704	-1	-1
blocksworld-new_15.yml	false	6821.749302	6824.000131273642	3306.213376	-1	-1
blocksworld-new_16.yml	false	8592.930108	8593.609271623194	3315.707904	-1	-1
blocksworld-new_17.yml	false	10562.787582	10563.588712161407	3291.074560	-1	-1
blocksworld-new_18.yml	false	13216.385145	13217.463874213398	3295.031296	-1	-1
blocksworld-new_19.yml	TIMEOUT (false)	14401.276731	14402.105645185336	3290.398720	-1	-1
blocksworld-new_2.yml	true	0.4045	0.4405601918697357	31.981568	0.041	2
blocksworld-new_20.yml	TIMEOUT (false)	14401.279561	14402.016010867432	3283.386368	-1	-1
blocksworld-new_21.yml	TIMEOUT (false)	14400.335286	14401.004909440875	3288.551424	-1	-1
blocksworld-new_22.yml	TIMEOUT (false)	14400.365592	14401.005989974365	3276.963840	-1	-1
blocksworld-new_23.yml	TIMEOUT (false)	14401.278328	14406.088418141007	3277.869056	-1	-1
blocksworld-new_24.yml	TIMEOUT (false)	14400.507787	14401.00559979491	3273.089024	-1	-1
blocksworld-new_25.yml	TIMEOUT (false)	14400.372802	14401.004691207781	3174.576128	-1	-1
blocksworld-new_26.yml	TIMEOUT (false)	14401.231462	14402.035035528243	2601.222144	-1	-1
blocksworld-new_27.yml	TIMEOUT (false)	14401.261523	14402.015885137022	2609.053696	-1	-1
blocksworld-new_28.yml	TIMEOUT (false)	14400.253633	14401.004399264231	2555.056128	-1	-1
blocksworld-new_29.yml	TIMEOUT (false)	14401.222111	14402.053341489285	2189.664256	-1	-1
blocksworld-new_3.yml	true	0.511151	0.9143599197268486	32.645120	0.088	4
blocksworld-new_30.yml	TIMEOUT (false)	14400.234794	14401.004750961438	2100.797440	-1	-1
blocksworld-new_31.yml	TIMEOUT (false)	14401.199936	14405.700757922605	2148.569088	-1	-1
blocksworld-new_32.yml	TIMEOUT (false)	14400.232709	14401.003851607442	2185.166848	-1	-1
blocksworld-new_33.yml	TIMEOUT (false)	14400.257283	14401.004798272625	1928.699904	-1	-1
blocksworld-new_34.yml	TIMEOUT (false)	14400.26769	14401.003362864256	1827.483648	-1	-1
blocksworld-new_35.yml	TIMEOUT (false)	14400.312713	14401.004358436912	1955.647488	-1	-1
blocksworld-new_36.yml	TIMEOUT (false)	14400.342619	14401.004169175401	1917.087744	-1	-1
blocksworld-new_37.yml	TIMEOUT (false)	14400.282794	14401.003977868706	1619.099648	-1	-1
blocksworld-new_38.yml	TIMEOUT (false)	14400.367922	14401.004237793386	1620.295680	-1	-1
blocksworld-new_39.yml	TIMEOUT (false)	14401.204611	14405.044794913381	1697.640448	-1	-1
blocksworld-new_4.yml	true	0.797022	0.8222270589321852	36.491264	0.268	8
blocksworld-new_40.yml	TIMEOUT (false)	14400.482628	14401.003838442266	1703.366656	-1	-1
blocksworld-new_5.yml	true	2.049785	2.0861278641968966	72.007680	1.467	12
blocksworld-new_6.yml	true	26.433798	26.462052166461945	723.533824	25.754	18
blocksworld-new_7.yml	false	2267.714916	2267.9100236538798	3385.782272	-1	-1
blocksworld-new_8.yml	false	2740.819237	2741.0491085872054	3370.659840	-1	-1
blocksworld-new_9.yml	false	2527.552373	2527.7793751843274	3341.737984	-1	-1
chain-of-rooms_1.yml	true	0.670861	0.7241450510919094	47.509504	0.265	27
chain-of-rooms_10.yml	false	14399.927822	14400.71269798465	111.022080	-1	-1
chain-of-rooms_2.yml	true	119.60039	119.64157837629318	105.996288	119.149	57
chain-of-rooms_3.yml	false	14399.818673	14400.52625996992	104.235008	-1	-1
chain-of-rooms_4.yml	false	14399.815836	14400.560154892504	104.353792	-1	-1
chain-of-rooms_5.yml	false	14399.80834	14400.518606094643	101.052416	-1	-1
chain-of-rooms_6.yml	false	14399.842178	14400.598715575412	105.439232	-1	-1
chain-of-rooms_7.yml	false	14399.921256	14400.6634806972	106.065920	-1	-1
chain-of-rooms_8.yml	false	14397.231173	14400.621891848743	110.448640	-1	-1
chain-of-rooms_9.yml	false	14399.963567	14400.677526852116	106.983424	-1	-1
doors_01.yml	true	0.457107	0.5029071159660816	32.083968	0.055	6
doors_02.yml	true	0.481503	0.5140780434012413	32.043008	0.066	14
doors_03.yml	true	0.514895	0.5402751751244068	32.129024	0.087	30
doors_04.yml	true	0.533124	0.5594900399446487	32.186368	0.101	62
doors_05.yml	true	0.560215	0.5837999824434519	34.201600	0.142	126
doors_06.yml	true	0.744175	0.7745568510144949	44.879872	0.254	254
doors_07.yml	true	0.76444	0.8134434651583433	49.074176	0.278	510
doors_08.yml	true	1.081633	1.1083925645798445	54.812672	0.456	1022
doors_09.yml	true	2.056195	2.091344913467765	69.627904	1.039	2046
doors_10.yml	true	4.531499	4.555362349376082	86.466560	2.227	4094
doors_11.yml	true	17.702667	17.732899164780974	149.397504	8.852	8190
doors_12.yml	true	82.570476	82.60657601989806	293.990400	37.907	16382
doors_13.yml	true	449.375029	449.44539579562843	552.927232	245.337	32766
doors_14.yml	true	4600.571525	4600.840217972174	1397.182464	3775.409	65534
doors_15.yml	TIMEOUT (true)	14400.386503	14401.003976911306	2538.352640	12288.234	131070
earth_observation_01.yml	true	0.612711	0.667696300894022	44.068864	0.258	28
earth_observation_02.yml	true	0.516194	0.5423324406147003	32.120832	0.066	5
earth_observation_03.yml	true	11.318832	11.351751204580069	114.085888	10.898	38
earth_observation_04.yml	false	6362.095788	6362.415615199134	2024.378368	-1	-1
earth_observation_05.yml	false	7816.038387	7816.629047580063	655.519744	-1	-1
earth_observation_06.yml	true	3.250012	3.3003954626619816	111.120384	2.843	92
earth_observation_07.yml	true	0.49905	0.5166775453835726	32.157696	0.156	17
earth_observation_08.yml	true	0.417908	0.4371991977095604	32.124928	0.054	6
earth_observation_09.yml	false	8421.501215	8422.053154395893	262.651904	-1	-1
earth_observation_10.yml	false	14399.944188	14400.778027161956	3343.200256	-1	-1
earth_observation_11.yml	true	0.430879	0.4576414506882429	32.141312	0.055	7
earth_observation_12.yml	false	8632.295863	8632.836650710553	214.597632	-1	-1
earth_observation_13.yml	false	9536.706376	9539.207353591919	468.099072	-1	-1
earth_observation_14.yml	false	6307.499738	6307.87565112859	114.987008	-1	-1
earth_observation_15.yml	false	14339.076134	14339.93800468184	1951.477760	-1	-1
earth_observation_16.yml	true	0.47	0.9296662155538797	32.423936	0.095	13
earth_observation_17.yml	false	7586.859632	7587.271519543603	1319.387136	-1	-1
earth_observation_18.yml	false	8994.122052	8994.651283429936	244.670464	-1	-1
earth_observation_19.yml	false	9340.592761	9341.291993062943	203.259904	-1	-1
earth_observation_20.yml	false	12209.605679	12210.442402094603	599.556096	-1	-1
earth_observation_21.yml	true	3547.820794	3548.7927709873766	114.081792	3548.295	56
earth_observation_22.yml	false	6806.30166	6806.982052737847	691.605504	-1	-1
earth_observation_23.yml	false	12910.290954	12911.312029786408	506.851328	-1	-1
earth_observation_24.yml	false	13918.000319	13921.201684044674	217.903104	-1	-1
earth_observation_25.yml	false	12338.170641	12338.830337921157	1301.184512	-1	-1
earth_observation_26.yml	false	7935.760934	7936.207939736545	131.391488	-1	-1
earth_observation_27.yml	false	5975.54844	5975.906930595636	114.995200	-1	-1
earth_observation_28.yml	false	12966.304789	12967.119800683111	313.860096	-1	-1
earth_observation_29.yml	false	6689.847185	6690.20560191758	113.606656	-1	-1
earth_observation_30.yml	false	14399.834912	14400.605548445135	193.921024	-1	-1
earth_observation_31.yml	true	46.311793	46.3462106641382	117.088256	45.883	44
earth_observation_32.yml	TIMEOUT (false)	14400.125633	14400.785223003477	3283.554304	-1	-1
earth_observation_33.yml	false	13175.949956	13176.739368589595	926.408704	-1	-1
earth_observation_34.yml	false	14200.272472	14201.210299259052	861.335552	-1	-1
earth_observation_35.yml	false	14399.83386	14400.662932656705	1256.415232	-1	-1
earth_observation_36.yml	false	5953.206244	5953.573443308473	114.671616	-1	-1
earth_observation_37.yml	false	14397.678265	14400.887101307511	2872.832000	-1	-1
earth_observation_38.yml	false	13091.578546	13092.351604800671	200.728576	-1	-1
earth_observation_39.yml	false	10091.944405	10092.540478350595	117.968896	-1	-1
earth_observation_40.yml	TIMEOUT (false)	14400.093831	14400.818204676732	2025.385984	-1	-1
elevators_01.yml	true	0.884738	0.9711616355925798	47.071232	0.48	17
elevators_02.yml	true	0.555112	0.6399847827851772	32.071680	0.14	9
elevators_03.yml	true	2.726115	2.790903214365244	82.784256	2.304	26
elevators_04.yml	true	0.687791	0.7683948464691639	44.081152	0.294	13
elevators_05.yml	true	0.707325	0.7514517232775688	46.063616	0.291	13
elevators_06.yml	true	27.395446	27.443899929523468	117.981184	26.984	32
elevators_07.yml	true	5.431548	5.473092921078205	115.023872	5.0	28
elevators_08.yml	false	13664.967532	13665.70579953678	118.038528	-1	-1
elevators_09.yml	false	13264.378223	13265.02262320742	112.447488	-1	-1
elevators_10.yml	false	11736.395294	11737.016487015411	107.466752	-1	-1
elevators_11.yml	false	14399.756444	14400.553853161633	454.418432	-1	-1
elevators_12.yml	false	14397.232699	14400.518062479794	184.725504	-1	-1
elevators_13.yml	false	14399.774452	14400.485424026847	163.123200	-1	-1
elevators_14.yml	false	14399.620478	14400.533694028854	474.652672	-1	-1
elevators_15.yml	false	14399.765069	14400.61250709556	258.912256	-1	-1
faults-ipc08_01.yml	true	0.434739	0.5633661393076181	31.801344	0.043	5
faults-ipc08_02.yml	true	0.437301	0.5194034092128277	31.834112	0.055	8
faults-ipc08_03.yml	true	0.495959	0.6187799107283354	31.862784	0.087	9
faults-ipc08_04.yml	true	0.471301	0.5182442776858807	31.862784	0.081	11
faults-ipc08_05.yml	true	0.476066	0.5562639590352774	32.096256	0.089	11
faults-ipc08_06.yml	true	0.616279	0.6962377354502678	32.100352	0.189	17
faults-ipc08_07.yml	true	0.510376	0.5956498514860868	31.969280	0.094	14
faults-ipc08_08.yml	true	0.576929	0.6619678530842066	32.108544	0.155	14
faults-ipc08_09.yml	true	0.719642	0.8172957599163055	42.663936	0.274	39
faults-ipc08_10.yml	true	0.830447	0.9111148845404387	47.349760	0.387	33
faults-ipc08_11.yml	true	0.545428	0.6111571546643972	31.858688	0.153	17
faults-ipc08_12.yml	true	0.634404	0.7099689487367868	37.908480	0.233	17
faults-ipc08_13.yml	true	0.937132	1.0193520486354828	55.848960	0.516	39
faults-ipc08_14.yml	true	1.203031	1.3793879952281713	65.413120	0.74	70
faults-ipc08_15.yml	true	1.435372	1.5172098334878683	70.451200	0.964	65
faults-ipc08_16.yml	true	0.760103	0.8332268800586462	38.248448	0.249	20
faults-ipc08_17.yml	true	0.865557	0.9559778030961752	53.407744	0.424	34
faults-ipc08_18.yml	true	1.39024	1.4980638027191162	70.373376	0.942	34
faults-ipc08_19.yml	true	2.046999	2.1339796520769596	100.503552	1.547	112
faults-ipc08_20.yml	true	3.063835	3.1558369640260935	179.445760	2.54	135
faults-ipc08_21.yml	true	2.543569	2.678382197394967	138.137600	2.024	129
faults-ipc08_22.yml	true	0.695741	0.8150950651615858	46.161920	0.298	23
faults-ipc08_23.yml	true	1.157317	1.2885750774294138	61.534208	0.75	23
faults-ipc08_24.yml	true	1.666867	1.7436018772423267	96.423936	1.262	25
faults-ipc08_25.yml	true	3.598213	3.6655370723456144	236.302336	3.099	170
faults-ipc08_26.yml	true	6.081193	6.147808827459812	330.772480	5.565	268
faults-ipc08_27.yml	true	4.955282	5.0075678043067455	252.166144	3.967	263
faults-ipc08_28.yml	true	10.629008	10.710878640413284	564.998144	9.999	257
faults-ipc08_29.yml	true	0.923584	0.9812495410442352	56.549376	0.491	26
faults-ipc08_30.yml	true	2.752129	2.8595271203666925	115.085312	2.306	34
faults-ipc08_31.yml	true	7.654739	7.7118625566363335	361.500672	7.192	48
faults-ipc08_32.yml	true	12.34012	12.503675827756524	793.923584	11.777	244
faults-ipc08_33.yml	true	19.794834	19.915660677477717	1326.194688	19.116	382
faults-ipc08_34.yml	true	13.764474	14.047641394659877	920.973312	12.915	518
faults-ipc08_35.yml	true	13.195138	13.331295885145664	893.784064	12.402	512
faults-ipc08_36.yml	true	22.494697	22.61082955636084	1425.911808	21.708	513
faults-ipc08_37.yml	true	1.214816	1.3091302663087845	69.791744	0.808	29
faults-ipc08_38.yml	true	2.917819	3.0634749680757523	159.154176	2.474	46
faults-ipc08_39.yml	true	11.729885	11.837550837546587	740.261888	11.259	43
faults-ipc08_40.yml	true	33.706068	33.78363375738263	2217.500672	33.029	346
faults-ipc08_41.yml	true	59.017137	59.11987363360822	3294.851072	50.909	647
faults-ipc08_42.yml	true	104.72709	104.77735850401223	3308.752896	96.288	910
faults-ipc08_43.yml	true	39.317008	39.398880034685135	2500.993024	37.92	1038
faults-ipc08_44.yml	true	42.001035	42.05644080415368	2568.323072	40.745	1035
faults-ipc08_45.yml	false	1191.136286	1191.2854238357395	3231.469568	-1	-1
faults-ipc08_46.yml	true	1.980584	2.110382439568639	98.680832	1.565	32
faults-ipc08_47.yml	true	8.142999	8.207628706470132	429.600768	7.724	45
faults-ipc08_48.yml	true	53.904412	53.993683801963925	2480.066560	53.299	174
faults-ipc08_49.yml	false	1965.579033	1965.8244119565934	3323.912192	-1	-1
faults-ipc08_50.yml	false	1061.622315	1061.7917414400727	3341.299712	-1	-1
faults-ipc08_51.yml	false	1057.573903	1057.6964319571853	3334.782976	-1	-1
faults-ipc08_52.yml	false	807.046313	807.1958250757307	3333.218304	-1	-1
faults-ipc08_53.yml	false	907.308293	907.4662250634283	3244.675072	-1	-1
faults-ipc08_54.yml	false	930.764349	930.9128177519888	3278.192640	-1	-1
faults-ipc08_55.yml	false	875.989504	876.1385729052126	3325.722624	-1	-1
first-responders-ipc08_01.yml	true	0.42788	0.5287724994122982	32.133120	0.052	3
first-responders-ipc08_02.yml	true	0.459914	0.4999778941273689	32.104448	0.072	4
first-responders-ipc08_03.yml	true	0.532156	0.593187840655446	32.038912	0.127	6
first-responders-ipc08_04.yml	true	0.689032	0.730372853577137	47.165440	0.279	7
first-responders-ipc08_05.yml	true	1.194202	1.227804847061634	61.743104	0.798	9
first-responders-ipc08_06.yml	true	2.228481	2.2955728489905596	97.222656	1.803	9
first-responders-ipc08_07.yml	true	11.828416	11.877799335867167	376.180736	11.394	12
first-responders-ipc08_08.yml	true	20.083282	20.19514548778534	844.869632	19.627	11
first-responders-ipc08_09.yml	true	179.173022	179.2604551706463	3269.976064	178.561	13
first-responders-ipc08_10.yml	false	5674.528417	5675.009221466258	3358.748672	-1	-1
first-responders-ipc08_100.yml	false	0.463933	0.5524321086704731	36.794368	-1	-1
first-responders-ipc08_101.yml	true	13.809294	13.916182512417436	347.561984	13.057	3
first-responders-ipc08_102.yml	false	1952.999982	1953.2138494476676	3326.709760	-1	-1
first-responders-ipc08_103.yml	false	1850.138536	1850.3298604562879	3339.911168	-1	-1
first-responders-ipc08_104.yml	TIMEOUT (false)	2392.917977	14436.005835050717	3348.520960	-1	-1
first-responders-ipc08_105.yml	false	2059.478947	2059.67283706367	3351.298048	-1	-1
first-responders-ipc08_106.yml	false	0.432922	0.46057683415710926	35.717120	-1	-1
first-responders-ipc08_107.yml	false	1737.160474	1737.307031404227	3339.075584	-1	-1
first-responders-ipc08_108.yml	false	1837.706543	1838.292666401714	3283.992576	-1	-1
first-responders-ipc08_109.yml	false	0.42478	0.46317095309495926	34.979840	-1	-1
first-responders-ipc08_11.yml	false	0.441487	0.4673529975116253	32.026624	-1	-1
first-responders-ipc08_110.yml	false	2263.731523	2263.946051351726	3304.632320	-1	-1
first-responders-ipc08_12.yml	true	0.436321	0.49492491595447063	32.141312	0.088	4
first-responders-ipc08_13.yml	true	0.667457	0.7475256025791168	45.461504	0.291	13
first-responders-ipc08_14.yml	true	1.53581	1.5681541711091995	82.837504	1.121	9
first-responders-ipc08_15.yml	false	0.355153	0.37817365676164627	32.120832	-1	-1
first-responders-ipc08_16.yml	false	0.362547	0.40862311236560345	32.137216	-1	-1
first-responders-ipc08_17.yml	false	1955.436847	1955.639499584213	3355.262976	-1	-1
first-responders-ipc08_18.yml	true	909.226084	909.3181980717927	3347.582976	908.672	13
first-responders-ipc08_19.yml	false	0.459172	0.5054864883422852	32.210944	-1	-1
first-responders-ipc08_20.yml	false	0.382067	0.4390840642154217	32.100352	-1	-1
first-responders-ipc08_31.yml	true	0.456759	0.5021699834614992	32.215040	0.08	4
first-responders-ipc08_32.yml	true	0.618746	0.691992225125432	37.044224	0.224	11
first-responders-ipc08_33.yml	false	0.44202	0.4717623330652714	32.260096	-1	-1
first-responders-ipc08_34.yml	false	0.487601	0.5674398597329855	32.366592	-1	-1
first-responders-ipc08_35.yml	false	0.378489	0.42215805500745773	32.186368	-1	-1
first-responders-ipc08_36.yml	false	0.357375	0.438762541860342	32.186368	-1	-1
first-responders-ipc08_37.yml	TIMEOUT (false)	14401.153928	14402.148308852687	3374.919680	-1	-1
first-responders-ipc08_38.yml	false	3202.46449	3203.576323285699	3370.082304	-1	-1
first-responders-ipc08_39.yml	false	0.412101	0.4476688224822283	32.149504	-1	-1
first-responders-ipc08_40.yml	false	0.663556	0.7401276119053364	41.099264	-1	-1
first-responders-ipc08_41.yml	true	0.476653	0.49644264578819275	32.112640	0.099	4
first-responders-ipc08_42.yml	true	2.752336	2.8228847328573465	147.488768	2.273	9
first-responders-ipc08_43.yml	true	2.042471	2.0924133956432343	96.722944	1.625	13
first-responders-ipc08_44.yml	false	3024.645186	3024.855402316898	3383.775232	-1	-1
first-responders-ipc08_45.yml	false	0.416834	0.4752562418580055	32.342016	-1	-1
first-responders-ipc08_46.yml	true	11.964193	12.02142545208335	447.483904	11.502	15
first-responders-ipc08_47.yml	false	2948.793847	2949.0513695236295	3359.072256	-1	-1
first-responders-ipc08_48.yml	false	1339.577452	1339.7284209076315	3322.986496	-1	-1
first-responders-ipc08_49.yml	false	1766.795095	1766.9397579729557	3350.945792	-1	-1
first-responders-ipc08_50.yml	false	0.405665	0.43013095669448376	32.538624	-1	-1
first-responders-ipc08_51.yml	true	1.014101	1.078415509313345	55.283712	0.488	4
first-responders-ipc08_52.yml	true	1.904718	1.9532177802175283	94.412800	1.443	11
first-responders-ipc08_53.yml	true	26.344868	26.40832068026066	1866.149888	25.687	11
first-responders-ipc08_54.yml	true	403.121022	403.19781785830855	2397.908992	402.586	34
first-responders-ipc08_55.yml	false	1653.989274	1654.2107705324888	3357.257728	-1	-1
first-responders-ipc08_56.yml	false	0.393706	0.47601426392793655	32.878592	-1	-1
first-responders-ipc08_57.yml	false	0.436891	0.4626061040908098	32.063488	-1	-1
first-responders-ipc08_58.yml	false	1257.45148	1257.5832014270127	3337.715712	-1	-1
first-responders-ipc08_59.yml	false	1891.079084	1891.7042631916702	3342.876672	-1	-1
first-responders-ipc08_60.yml	false	2526.84538	2527.078126229346	3357.941760	-1	-1
first-responders-ipc08_61.yml	true	1.889952	1.9315897393971682	89.772032	1.398	7
first-responders-ipc08_62.yml	true	1.501225	1.540008282288909	77.746176	1.021	8
first-responders-ipc08_63.yml	false	2156.692462	2156.878370700404	3401.146368	-1	-1
first-responders-ipc08_64.yml	false	2446.002991	2446.2491289731115	3375.988736	-1	-1
first-responders-ipc08_65.yml	false	1327.778781	1327.9122139345855	3320.369152	-1	-1
first-responders-ipc08_66.yml	false	0.564766	0.5940145701169968	36.655104	-1	-1
first-responders-ipc08_67.yml	false	0.441115	0.48088529147207737	33.636352	-1	-1
first-responders-ipc08_68.yml	false	1469.287472	1469.7813090924174	3294.269440	-1	-1
first-responders-ipc08_69.yml	false	1420.953008	1421.2330338917673	3334.037504	-1	-1
first-responders-ipc08_70.yml	false	1254.950689	1255.0724872406572	3314.647040	-1	-1
first-responders-ipc08_71.yml	true	1.664298	1.7127366177737713	76.759040	1.105	3
first-responders-ipc08_72.yml	true	5.536453	5.629250960424542	352.792576	5.04	9
first-responders-ipc08_73.yml	false	1583.924889	1584.1330348867923	3330.162688	-1	-1
first-responders-ipc08_74.yml	false	1009.924839	1010.0303297452629	3333.079040	-1	-1
first-responders-ipc08_75.yml	false	1580.561794	1580.7310601416975	3362.127872	-1	-1
first-responders-ipc08_76.yml	false	1355.370248	1355.8403647094965	3311.939584	-1	-1
first-responders-ipc08_77.yml	false	1717.75571	1717.9314428307116	3315.499008	-1	-1
first-responders-ipc08_78.yml	false	1315.935002	1316.0970003698021	3354.865664	-1	-1
first-responders-ipc08_79.yml	false	0.908302	0.9797234758734703	53.915648	-1	-1
first-responders-ipc08_80.yml	false	2997.802748	2998.0815317016095	3333.070848	-1	-1
first-responders-ipc08_81.yml	true	2.533033	2.565734077244997	84.987904	1.898	4
first-responders-ipc08_82.yml	true	13.582771	13.619601434096694	783.790080	12.936	8
first-responders-ipc08_83.yml	false	0.434114	0.4983894433826208	32.899072	-1	-1
first-responders-ipc08_84.yml	TIMEOUT (false)	1755.046796	14436.003712097183	3286.552576	-1	-1
first-responders-ipc08_85.yml	false	1217.735173	1218.174629908055	3358.523392	-1	-1
first-responders-ipc08_86.yml	false	1586.779981	1586.948239132762	3335.401472	-1	-1
first-responders-ipc08_87.yml	false	1655.634672	1655.7716745976359	3332.771840	-1	-1
first-responders-ipc08_88.yml	false	1484.235113	1484.4351725913584	3331.751936	-1	-1
first-responders-ipc08_89.yml	false	1730.690427	1731.3763463366777	3329.671168	-1	-1
first-responders-ipc08_90.yml	false	1612.931835	1613.0772966537625	3329.449984	-1	-1
first-responders-ipc08_91.yml	TIMEOUT (false)	1740.783575	14436.005025628954	3342.200832	-1	-1
first-responders-ipc08_92.yml	false	1740.093245	1740.2537136524916	3341.000704	-1	-1
first-responders-ipc08_93.yml	false	1344.517271	1344.646818291396	3311.587328	-1	-1
first-responders-ipc08_94.yml	false	0.357038	0.43890650756657124	32.178176	-1	-1
first-responders-ipc08_95.yml	false	0.854956	0.8867516480386257	55.525376	-1	-1
first-responders-ipc08_96.yml	false	1560.581958	1561.183262810111	3300.147200	-1	-1
first-responders-ipc08_97.yml	false	2634.341511	2634.617378897965	3368.759296	-1	-1
first-responders-ipc08_98.yml	false	1531.435412	1531.6435646750033	3324.481536	-1	-1
first-responders-ipc08_99.yml	false	1.400538	1.4496755711734295	63.975424	-1	-1
islands_01.yml	true	0.438968	0.48917417228221893	32.104448	0.048	3
islands_02.yml	true	0.47968	0.5437730085104704	32.186368	0.085	3
islands_03.yml	true	0.560969	0.6113636419177055	32.133120	0.151	3
islands_04.yml	true	0.609553	0.6891667377203703	32.727040	0.207	3
islands_05.yml	true	0.652325	0.7447813935577869	38.248448	0.231	3
islands_06.yml	true	0.756495	0.790580403059721	47.337472	0.31	3
islands_07.yml	true	0.856635	0.9900938756763935	52.121600	0.379	3
islands_08.yml	true	0.948508	1.000547107309103	50.827264	0.479	3
islands_09.yml	true	1.065917	1.2099117524921894	60.203008	0.572	3
islands_10.yml	true	1.245755	1.3323831520974636	60.022784	0.755	3
islands_11.yml	true	1.358831	1.3945149164646864	65.216512	0.86	3
islands_12.yml	true	1.484899	1.5114944875240326	70.737920	0.984	3
islands_13.yml	true	0.434266	0.4595635514706373	32.260096	0.064	5
islands_14.yml	true	0.576246	0.6179423648864031	33.013760	0.191	5
islands_15.yml	true	0.689859	0.748211557045579	44.544000	0.275	5
islands_16.yml	true	1.004357	1.0842211749404669	52.707328	0.549	5
islands_17.yml	true	1.584395	1.61668249219656	76.800000	1.11	5
islands_18.yml	true	3.163911	3.203373661264777	143.298560	2.602	5
islands_19.yml	true	4.653384	4.678942635655403	182.706176	4.097	5
islands_20.yml	true	8.064275	8.090877167880535	336.994304	7.468	5
islands_21.yml	true	7.659927	7.75033488124609	310.931456	7.088	5
islands_22.yml	true	11.567776	11.615939447656274	454.193152	10.936	5
islands_23.yml	true	18.700897	18.74725347571075	759.537664	18.013	5
islands_24.yml	true	30.709118	30.75164971500635	1189.937152	29.964	5
islands_25.yml	true	0.497461	0.5560805611312389	32.481280	0.116	7
islands_26.yml	true	0.711259	0.7489688545465469	41.594880	0.251	7
islands_27.yml	true	1.074387	1.095673631876707	52.662272	0.585	7
islands_28.yml	true	2.383865	2.457149103283882	88.866816	1.852	7
islands_29.yml	true	7.489781	7.542174149304628	239.009792	6.855	7
islands_30.yml	true	14.220551	14.251593990251422	467.193856	13.567	7
islands_31.yml	true	13.603143	13.646055148914456	408.260608	12.912	7
islands_32.yml	true	50.422417	50.456907687708735	1439.236096	49.683	7
islands_33.yml	true	79.074374	79.11940903030336	2176.708608	78.303	7
islands_34.yml	true	361.820171	361.87214255705476	3349.606400	360.969	7
islands_35.yml	true	106.860672	106.91432181932032	2545.455104	106.009	7
islands_36.yml	true	460.705845	460.7625368665904	3344.875520	459.871	7
islands_37.yml	true	0.59661	0.6369932312518358	33.726464	0.191	9
islands_38.yml	true	0.960275	0.9879740998148918	48.439296	0.471	9
islands_39.yml	true	2.467687	2.4951649755239487	88.821760	1.92	9
islands_40.yml	true	7.40425	7.443571522831917	214.007808	6.757	9
islands_41.yml	true	23.671092	23.700913779437542	661.090304	22.921	9
islands_42.yml	true	40.9454	40.99402931518853	1059.643392	40.198	9
islands_43.yml	true	40.873426	40.90281825885177	874.160128	40.017	9
islands_44.yml	true	167.931485	167.96800602972507	3257.643008	166.973	9
islands_45.yml	TIMEOUT (false)	3721.985398	14436.007095457986	3373.387776	-1	-1
islands_46.yml	false	2942.290302	2942.555793352425	3368.058880	-1	-1
islands_47.yml	TIMEOUT (false)	3056.546987	14436.004193576053	3358.334976	-1	-1
islands_48.yml	TIMEOUT (false)	6784.435294	14436.003614336252	3353.034752	-1	-1
islands_49.yml	true	0.659206	0.7465446293354034	36.614144	0.201	11
islands_50.yml	true	1.463655	1.4989444483071566	55.107584	0.911	11
islands_51.yml	true	3.063364	3.1762136481702328	92.246016	2.408	11
islands_52.yml	true	8.459876	8.517514731734991	199.835648	7.777	11
islands_53.yml	true	51.995475	52.032162245363	1127.116800	51.26	11
islands_54.yml	true	127.094811	127.12772957608104	2251.710464	126.225	11
islands_55.yml	TIMEOUT (false)	3948.641093	14436.00349644199	3382.743040	-1	-1
islands_56.yml	TIMEOUT (false)	4065.512212	14436.011071911082	3371.507712	-1	-1
islands_57.yml	TIMEOUT (false)	3952.563195	14436.00367257744	3364.229120	-1	-1
islands_58.yml	TIMEOUT (false)	4955.143312	14436.003633441404	3355.381760	-1	-1
islands_59.yml	TIMEOUT (false)	4718.232454	14436.00319109112	3363.004416	-1	-1
islands_60.yml	TIMEOUT (false)	4653.620203	14436.003786008805	3365.343232	-1	-1
miner_01.yml	true	1.401921	1.4609437566250563	68.648960	0.916	20
miner_02.yml	true	0.987146	1.0295502059161663	50.098176	0.479	14
miner_03.yml	true	1.923708	1.9604197293519974	72.822784	1.388	14
miner_04.yml	true	2.261363	2.3142393697053194	74.260480	1.667	16
miner_05.yml	true	2.734432	2.750901348888874	98.254848	2.209	20
miner_06.yml	true	5.297118	5.3212419133633375	174.166016	4.703	23
miner_07.yml	true	14.440856	14.49568964727223	509.288448	13.805	21
miner_08.yml	true	3.563753	3.590933796018362	101.724160	2.905	17
miner_09.yml	true	89.989486	90.07284198142588	1774.948352	89.258	40
miner_10.yml	true	28.292709	28.342336563393474	834.162688	27.642	21
miner_11.yml	true	78.198445	78.27090752869844	2694.074368	77.48	24
miner_12.yml	true	1.700484	1.73612074367702	61.353984	1.074	16
miner_13.yml	true	5.239015	5.274526108056307	191.258624	4.636	18
miner_14.yml	true	2.672401	2.70233809389174	72.613888	1.998	18
miner_15.yml	true	41.106251	41.15352180041373	1153.011712	40.405	27
miner_16.yml	true	2.517206	2.6299038380384445	73.019392	1.695	15
miner_17.yml	true	6.06257	6.085593156516552	135.102464	5.277	17
miner_18.yml	true	9.135014	9.174383219331503	259.870720	8.417	19
miner_19.yml	true	6.680276	6.724472897127271	135.876608	5.918	22
miner_20.yml	true	53.783519	53.82056882791221	1197.875200	52.977	24
miner_21.yml	true	17.199788	17.230144219473004	421.814272	16.485	26
miner_22.yml	false	1847.811944	1848.1007290929556	3310.215168	-1	-1
miner_23.yml	true	23.383706	23.42009535431862	493.727744	22.577	25
miner_24.yml	false	1772.444644	1772.882273465395	3312.345088	-1	-1
miner_25.yml	true	9.247348	9.292649852111936	207.753216	8.498	22
miner_26.yml	true	69.768624	69.80326210707426	1432.375296	68.926	25
miner_27.yml	true	167.159646	167.2333600334823	3104.903168	166.177	29
miner_28.yml	true	42.465285	42.54799977131188	1057.214464	41.608	24
miner_29.yml	true	9.231011	9.260095410048962	202.563584	8.418	22
miner_30.yml	true	8.428443	8.466863544657826	189.423616	7.591	17
miner_31.yml	true	14.630651	14.663711160421371	340.103168	13.865	20
miner_32.yml	false	2517.382104	2517.990644050762	3312.177152	-1	-1
miner_33.yml	true	8.15316	8.181060554459691	146.763776	7.264	21
miner_34.yml	true	150.235736	150.28889189101756	2949.279744	149.312	25
miner_35.yml	true	4.019227	4.047936839982867	84.234240	3.031	18
miner_36.yml	true	11.510059	11.534623604267836	236.765184	10.632	18
miner_37.yml	true	599.304695	599.3746125884354	3322.679296	598.32	26
miner_38.yml	true	239.854272	239.91888011991978	3150.630912	238.587	29
miner_39.yml	true	129.196922	129.2855811174959	1920.786432	128.061	23
miner_40.yml	true	27.661573	27.769310239702463	496.492544	26.731	22
miner_41.yml	true	39.087682	39.11853961460292	688.492544	38.164	25
miner_42.yml	true	23.354504	23.3931035567075	421.498880	22.388	20
miner_43.yml	true	8.141398	8.181515205651522	146.464768	7.147	21
miner_44.yml	true	39.007912	39.03517254628241	739.696640	38.051	21
miner_45.yml	false	4112.841097	4113.1259713843465	3311.951872	-1	-1
miner_46.yml	true	800.787184	800.8654069267213	3097.874432	799.678	39
miner_47.yml	true	12.01017	12.036158215254545	152.825856	10.9	24
miner_48.yml	true	26.283306	26.310647379606962	342.601728	25.164	23
miner_49.yml	true	200.494109	200.6507464312017	2658.451456	199.386	31
miner_50.yml	TIMEOUT (false)	14401.192763	14402.288370182738	3328.356352	-1	-1
miner_51.yml	true	25.51623	25.585796063765883	215.031808	24.078	24
spiky-tireworld_01.yml	true	1.474379	1.5430173985660076	69.566464	0.986	25
spiky-tireworld_02.yml	true	2.474023	2.510039161890745	110.108672	1.983	25
spiky-tireworld_03.yml	true	3.82673	3.851101888343692	160.395264	3.281	25
spiky-tireworld_04.yml	true	0.667945	0.7008924521505833	38.567936	0.238	25
spiky-tireworld_05.yml	true	9.153103	9.197417253628373	343.482368	8.554	25
spiky-tireworld_06.yml	true	12.395344	12.42923160456121	487.682048	11.771	25
spiky-tireworld_07.yml	true	17.713032	17.76768271252513	710.004736	17.081	25
spiky-tireworld_08.yml	true	23.469956	23.512718403711915	892.944384	22.799	25
spiky-tireworld_09.yml	true	32.99937	33.050809944048524	1274.277888	32.358	25
spiky-tireworld_10.yml	true	44.81301	44.914015613496304	1584.017408	44.105	25
spiky-tireworld_11.yml	false	1977.91278	1978.2176975682378	3379.159040	-1	-1
tireworld-truck_01.yml	true	0.515041	0.5489647258073092	32.129024	0.118	11
tireworld-truck_02.yml	true	0.492906	0.5253300685435534	32.120832	0.094	10
tireworld-truck_03.yml	true	0.687672	0.7291154824197292	33.689600	0.239	10
tireworld-truck_04.yml	true	0.831368	0.8716620337218046	49.356800	0.395	14
tireworld-truck_05.yml	true	1.804907	1.8397472314536572	94.539776	1.366	14
tireworld-truck_06.yml	true	0.833446	0.8702289015054703	51.507200	0.401	10
tireworld-truck_07.yml	true	1.074816	1.1242733094841242	60.989440	0.617	10
tireworld-truck_08.yml	true	3.456888	3.513442261144519	139.100160	2.994	14
tireworld-truck_09.yml	true	4.551921	4.578493118286133	247.341056	4.114	14
tireworld-truck_11.yml	true	1.165403	1.1849736142903566	65.261568	0.731	10
tireworld-truck_12.yml	true	1.035323	1.0604981798678637	62.615552	0.649	21
tireworld-truck_13.yml	true	4.653641	4.681690592318773	306.335744	4.255	20
tireworld-truck_14.yml	true	8.022078	8.049376718699932	601.493504	7.61	21
tireworld-truck_15.yml	true	15.080476	15.122717859223485	1342.885888	14.584	18
tireworld-truck_16.yml	true	0.439126	0.4658294338732958	32.100352	0.082	12
tireworld-truck_17.yml	true	0.476241	0.5273852851241827	32.030720	0.116	13
tireworld-truck_18.yml	true	0.767725	0.8166367691010237	49.745920	0.381	16
tireworld-truck_19.yml	true	1.8835	1.9172050338238478	82.210816	1.475	21
tireworld-truck_20.yml	true	11.061161	11.09092428907752	414.904320	10.655	21
tireworld-truck_21.yml	true	1.950496	1.9779164679348469	91.406336	1.533	16
tireworld-truck_22.yml	true	3.047002	3.076272988691926	158.601216	2.614	16
tireworld-truck_23.yml	true	28.519996	28.551692245528102	1078.104064	28.005	21
tireworld-truck_24.yml	true	50.189548	50.21439548023045	2052.001792	49.62	21
tireworld-truck_25.yml	true	4.477401	4.50064212270081	249.135104	3.978	16
tireworld-truck_26.yml	false	5321.921033	5322.231196442619	106.168320	-1	-1
tireworld-truck_27.yml	true	1.870032	1.927161255851388	92.483584	1.427	26
tireworld-truck_28.yml	true	6.749582	6.7865862268954515	458.280960	6.317	26
tireworld-truck_29.yml	true	19.771366	19.845073821023107	1535.741952	19.258	24
tireworld-truck_30.yml	false	2263.357023	2263.8404982369393	3364.368384	-1	-1
tireworld-truck_31.yml	true	14.643626	14.684252241626382	1011.519488	14.128	26
tireworld-truck_32.yml	true	26.35787	26.442265693098307	2040.217600	25.79	25
tireworld-truck_33.yml	true	7174.772361	7175.325636398047	3376.128000	7174.657	28
tireworld-truck_34.yml	true	0.548004	1.2393303792923689	32.632832	0.142	15
tireworld-truck_35.yml	true	0.67412	0.7054989151656628	44.552192	0.269	20
tireworld-truck_36.yml	true	2.163319	2.198902076110244	88.014848	1.731	23
tireworld-truck_37.yml	true	0.846868	0.864641236141324	50.860032	0.441	18
tireworld-truck_38.yml	true	2.269193	2.3044024277478456	100.970496	1.804	18
tireworld-truck_39.yml	true	12.827319	12.864473175257444	451.825664	12.347	23
tireworld-truck_40.yml	true	403.236959	403.36680666171014	1065.627648	402.811	28
tireworld-truck_41.yml	true	30.025644	30.06930846720934	1135.771648	29.51	23
tireworld-truck_42.yml	false	8618.330688	8618.818759595975	2570.334208	-1	-1
tireworld-truck_43.yml	false	14398.768812	14401.706598088145	3350.200320	-1	-1
tireworld-truck_44.yml	true	54.826561	54.85411427542567	2131.832832	54.299	23
tireworld-truck_45.yml	TIMEOUT (false)	14400.163581	14401.00348116085	3355.090944	-1	-1
tireworld-truck_46.yml	true	3.96609	4.155926587060094	144.416768	3.522	32
tireworld-truck_47.yml	true	2.419904	2.468221202492714	111.689728	1.998	29
tireworld-truck_48.yml	true	11.220788	11.282122554257512	754.896896	10.701	28
tireworld-truck_49.yml	true	69.779776	69.81656757928431	1351.110656	69.255	32
tireworld-truck_50.yml	true	488.246804	488.4065262991935	3095.367680	487.702	34
tireworld-truck_51.yml	true	475.957935	476.1200112197548	3306.696704	475.387	37
tireworld-truck_52.yml	false	1956.363777	1956.5776283908635	3386.490880	-1	-1
tireworld-truck_53.yml	true	471.472541	471.5347133334726	2232.045568	470.928	34
tireworld-truck_54.yml	true	11.345798	11.37691024132073	776.859648	10.842	29
tireworld-truck_55.yml	true	30.821793	30.846432767808437	2093.604864	30.239	29
tireworld-truck_56.yml	false	1055.451125	1055.5869749113917	3373.002752	-1	-1
tireworld-truck_57.yml	true	10675.161488	10675.936886463314	3377.893376	10675.233	32
tireworld-truck_58.yml	true	0.568256	1.0277116633951664	32.641024	0.157	17
tireworld-truck_59.yml	true	0.759172	0.793767960742116	45.281280	0.334	22
tireworld-truck_60.yml	true	2.309263	2.358084572479129	93.507584	1.868	25
tireworld-truck_61.yml	true	0.853534	0.889623710885644	56.545280	0.457	20
tireworld-truck_62.yml	true	12.157039	12.189012102782726	422.461440	11.662	25
tireworld-truck_63.yml	true	30.373889	30.402505883947015	1119.420416	29.825	25
tireworld-truck_64.yml	false	8098.802647	8099.309111671522	2664.763392	-1	-1
tireworld-truck_65.yml	false	14399.657995	14400.73773449473	3345.149952	-1	-1
tireworld-truck_66.yml	true	58.338822	58.37239790149033	2102.099968	57.697	25
tireworld-truck_67.yml	false	6781.264246	6782.893870808184	111.865856	-1	-1
tireworld-truck_68.yml	false	7014.560657	7015.588661016896	114.413568	-1	-1
tireworld-truck_69.yml	true	19.669566	19.700215838849545	1266.388992	19.069	34
tireworld-truck_70.yml	true	356.738315	356.7915799729526	3373.416448	356.026	35
tireworld-truck_71.yml	false	1864.508909	1864.7023055925965	3370.377216	-1	-1
tireworld-truck_72.yml	false	1655.87494	1656.0130715593696	3376.189440	-1	-1
tireworld-truck_73.yml	false	1939.364169	1939.5345315691084	3377.737728	-1	-1
tireworld-truck_74.yml	TIMEOUT (false)	14400.517988	14401.613456135616	3324.416000	-1	-1
tireworld-truck_75.yml	false	1074.353022	1074.5046707466245	3337.687040	-1	-1
tireworld_01.yml	false	0.493611	0.5360794868320227	32.088064	-1	-1
tireworld_02.yml	true	0.539179	0.5620665233582258	32.337920	0.104	1
tireworld_03.yml	true	0.504611	0.5382372085005045	32.382976	0.104	5
tireworld_04.yml	true	0.635491	0.6601941864937544	33.710080	0.184	12
tireworld_05.yml	true	0.574732	0.6293120104819536	32.514048	0.114	5
tireworld_06.yml	true	0.519089	0.5491864737123251	32.329728	0.117	5
tireworld_07.yml	true	0.530027	0.5930582750588655	32.550912	0.158	11
tireworld_08.yml	true	0.660193	0.6846499983221292	35.311616	0.224	12
tireworld_09.yml	false	0.639046	0.6754003874957561	35.192832	-1	-1
tireworld_10.yml	true	0.556171	0.5966984089463949	34.324480	0.125	1
tireworld_11.yml	true	0.569361	0.6034274641424417	33.263616	0.138	5
tireworld_12.yml	true	0.658374	0.7172899749130011	36.352000	0.174	1
tireworld_13.yml	true	0.815026	0.855610478669405	42.074112	0.257	5
tireworld_14.yml	true	1.163245	1.2438002955168486	51.253248	0.557	20
tireworld_15.yml	false	0.593357	0.6387030556797981	33.607680	-1	-1
triangle-tireworld_01.yml	true	0.400931	0.4549891110509634	31.944704	0.049	10
triangle-tireworld_02.yml	true	0.542156	0.5664046201854944	32.124928	0.118	22
triangle-tireworld_03.yml	true	0.815948	0.8519567474722862	47.374336	0.364	34
triangle-tireworld_04.yml	true	0.722208	0.7508911546319723	38.375424	0.272	46
triangle-tireworld_05.yml	true	0.916636	0.9746139533817768	46.878720	0.333	58
triangle-tireworld_06.yml	true	0.988887	1.0515510216355324	48.627712	0.442	70
triangle-tireworld_07.yml	true	1.300353	1.3464776705950499	63.881216	0.673	82
triangle-tireworld_08.yml	true	1.381292	1.4366632737219334	58.875904	0.726	94
triangle-tireworld_09.yml	true	1.490437	1.5552696213126183	61.460480	0.81	106
triangle-tireworld_10.yml	true	1.659583	1.6920009925961494	61.460480	0.98	118
triangle-tireworld_11.yml	true	1.945067	1.9691518880426884	62.558208	1.201	130
triangle-tireworld_12.yml	true	2.280305	2.324860779568553	72.155136	1.467	142
triangle-tireworld_13.yml	true	2.646344	2.7014609444886446	73.789440	1.82	154
triangle-tireworld_14.yml	true	2.985105	3.060660421848297	81.379328	2.044	166
triangle-tireworld_15.yml	true	3.313056	3.4017741438001394	87.396352	2.29	178
triangle-tireworld_16.yml	true	4.190831	4.225170511752367	90.910720	3.104	190
triangle-tireworld_17.yml	true	4.53463	4.5742501970380545	96.186368	3.369	202
triangle-tireworld_18.yml	true	4.516546	4.567779952660203	100.356096	3.338	214
triangle-tireworld_19.yml	true	5.650633	5.707975959405303	107.806720	4.454	226
triangle-tireworld_20.yml	true	6.078283	6.109653165563941	123.252736	4.659	238
triangle-tireworld_21.yml	true	5.993883	6.0309200044721365	126.382080	4.686	250
triangle-tireworld_22.yml	true	6.891062	6.924909630790353	144.396288	5.5	262
triangle-tireworld_23.yml	true	7.456589	7.48015764914453	144.949248	5.925	274
triangle-tireworld_24.yml	true	8.386981	8.41770893894136	159.502336	6.597	286
triangle-tireworld_25.yml	true	8.872512	8.926204526796937	183.816192	6.98	298
triangle-tireworld_26.yml	true	10.068967	10.100406365469098	196.145152	8.055	310
triangle-tireworld_27.yml	true	11.874416	11.915983768180013	211.951616	9.869	322
triangle-tireworld_28.yml	true	15.417571	15.470610400661826	219.525120	13.274	334
triangle-tireworld_29.yml	true	14.23177	14.293586164712906	266.526720	11.646	346
triangle-tireworld_30.yml	true	15.449086	15.489759773015976	270.213120	13.05	358
triangle-tireworld_31.yml	true	17.458286	17.521788692101836	287.719424	14.866	370
triangle-tireworld_32.yml	true	21.296357	21.359367003664374	299.216896	18.431	382
triangle-tireworld_33.yml	true	25.419909	25.481536973267794	319.475712	22.244	394
triangle-tireworld_34.yml	true	23.758737	23.804062789306045	326.008832	20.296	406
triangle-tireworld_35.yml	true	24.670041	24.73198022134602	403.243008	21.07	418
triangle-tireworld_36.yml	true	39.088202	39.15481778420508	414.945280	34.56	430
triangle-tireworld_37.yml	true	41.087944	41.145794086158276	439.873536	36.6	442
triangle-tireworld_38.yml	true	42.983187	43.03170236200094	486.932480	38.499	454
triangle-tireworld_39.yml	true	50.647549	50.71610922925174	516.960256	45.729	466
triangle-tireworld_40.yml	true	61.249632	61.30909646674991	546.234368	55.958	478
zenotravel_01.yml	true	0.810314	0.8753422647714615	55.119872	0.157	0
zenotravel_02.yml	true	9.43591	9.473359497264028	254.398464	8.75	20
zenotravel_03.yml	true	31.443702	31.473369546234608	676.601856	30.696	23
zenotravel_04.yml	true	19.22564	19.297864956781268	417.796096	18.407	14
zenotravel_05.yml	true	23.03297	23.069619972258806	436.690944	22.19	19
zenotravel_06.yml	false	3807.419642	3808.536615913734	3337.007104	-1	-1
zenotravel_07.yml	false	3695.016841	3695.34304160811	3329.302528	-1	-1
zenotravel_08.yml	false	4290.610875	4291.008323367685	3359.780864	-1	-1
zenotravel_09.yml	false	4810.732461	4811.108025111258	3336.331264	-1	-1
zenotravel_10.yml	false	5621.519846	5621.996354369447	3344.625664	-1	-1
zenotravel_11.yml	false	9445.659577	9446.366832289845	3274.539008	-1	-1
zenotravel_12.yml	false	10399.967062	10403.092858409509	3283.652608	-1	-1
zenotravel_13.yml	false	11708.166945	11709.02413729392	3278.856192	-1	-1
zenotravel_14.yml	false	12187.654604	12188.909140590578	3273.330688	-1	-1
zenotravel_15.yml	false	12807.423946	12808.568514388055	3291.082752	-1	-1
