tool	PRP 	PRP 	PRP 	PRP 	PRP 	PRP 
run set	prp.FOND	prp.FOND	prp.FOND	prp.FOND	prp.FOND	prp.FOND
/home/nitin/cfond-asp-private/experiments/benchexec/tasks/	status	cputime (s)	walltime (s)	memory (MB)	planner_time	policy_size
acrobatics_01.yml	true	0.233342	0.2356218183413148	10.080256	0.01	4
acrobatics_02.yml	true	10.369209	10.37462040130049	10.199040	10.14	8
acrobatics_03.yml	true	11.289586	11.302471884526312	10.235904	11.05	16
acrobatics_04.yml	true	12.004272	12.007289458066225	10.444800	11.76	32
acrobatics_05.yml	true	17.225556	17.242666888982058	11.210752	16.95	64
acrobatics_06.yml	true	17.267296	17.273815663531423	12.283904	16.94	128
acrobatics_07.yml	true	17.428494	17.433369159698486	15.081472	17.01	256
acrobatics_08.yml	true	18.275366	18.278833760879934	20.078592	17.63	512
beam-walk_01.yml	true	0.271211	0.27302515506744385	9.965568	0.06	8
beam-walk_02.yml	true	1.029265	1.0312178805470467	9.928704	0.81	16
beam-walk_03.yml	true	1.803526	1.8054397162050009	9.998336	1.58	32
beam-walk_04.yml	true	8.142569	8.148889081552625	10.104832	7.92	64
beam-walk_05.yml	true	8.160261	8.162980319932103	10.436608	7.92	128
beam-walk_06.yml	true	8.360559	8.363428887911141	11.280384	8.08	256
beam-walk_07.yml	true	8.664721	8.667835699394345	12.656640	8.34	512
beam-walk_08.yml	true	10.341531	10.369376306422055	15.847424	9.9	1024
beam-walk_09.yml	true	16.261875	16.42062043491751	22.343680	15.56	2048
beam-walk_10.yml	true	39.069315	39.085891290567815	36.442112	37.85	4096
beam-walk_11.yml	true	130.870677	131.2488723602146	59.854848	128.4	8192
blocksworld-ipc08_01.yml	true	0.305248	0.3070411002263427	11.472896	0.03	9
blocksworld-ipc08_02.yml	true	0.304772	0.3066310593858361	11.599872	0.02	8
blocksworld-ipc08_03.yml	true	0.307622	0.3093094499781728	11.550720	0.03	10
blocksworld-ipc08_04.yml	true	0.329474	0.33123211096972227	11.485184	0.06	18
blocksworld-ipc08_05.yml	true	0.315524	0.31729944236576557	11.567104	0.04	12
blocksworld-ipc08_06.yml	true	0.316679	0.3186462502926588	11.460608	0.04	11
blocksworld-ipc08_07.yml	true	0.323722	0.3255481580272317	11.636736	0.03	13
blocksworld-ipc08_08.yml	true	0.325461	0.32803571689873934	11.489280	0.04	13
blocksworld-ipc08_09.yml	true	0.308233	0.3100470006465912	11.558912	0.02	9
blocksworld-ipc08_10.yml	true	0.317347	0.31951899267733097	11.628544	0.03	11
blocksworld-ipc08_11.yml	true	0.86119	0.8638384351506829	22.130688	0.14	24
blocksworld-ipc08_12.yml	true	0.807238	0.8095325073227286	21.917696	0.12	24
blocksworld-ipc08_13.yml	true	0.816418	0.8184252260252833	21.929984	0.11	22
blocksworld-ipc08_14.yml	true	0.79219	0.7941916333511472	22.073344	0.09	18
blocksworld-ipc08_15.yml	true	0.816233	0.8197733927518129	21.856256	0.13	25
blocksworld-ipc08_16.yml	true	0.796576	0.7989054154604673	22.118400	0.12	26
blocksworld-ipc08_17.yml	true	0.827464	0.8294064961373806	21.954560	0.13	26
blocksworld-ipc08_18.yml	true	0.782896	0.784749573096633	21.962752	0.1	18
blocksworld-ipc08_19.yml	true	0.827671	0.8310556244105101	21.921792	0.13	27
blocksworld-ipc08_20.yml	true	0.789197	0.7912104167044163	22.024192	0.1	22
blocksworld-ipc08_21.yml	true	2.258473	2.2670926358550787	47.329280	0.34	39
blocksworld-ipc08_22.yml	true	2.261946	2.264119009487331	47.603712	0.35	42
blocksworld-ipc08_23.yml	true	2.256422	2.258558128029108	47.206400	0.34	42
blocksworld-ipc08_24.yml	true	2.243867	2.2464004578068852	47.419392	0.35	45
blocksworld-ipc08_25.yml	true	2.233936	2.236543166451156	47.550464	0.35	45
blocksworld-ipc08_26.yml	true	2.17317	2.180949746631086	47.480832	0.29	31
blocksworld-ipc08_27.yml	true	2.173177	2.175272292457521	47.538176	0.31	36
blocksworld-ipc08_28.yml	true	2.200399	2.2024720767512918	47.443968	0.28	30
blocksworld-ipc08_29.yml	true	2.234621	2.237672660499811	47.599616	0.32	38
blocksworld-ipc08_30.yml	true	2.183791	2.1857850253582	47.431680	0.3	38
blocksworld-new_1.yml	true	0.254226	0.25822560023516417	10.379264	0.01	5
blocksworld-new_10.yml	true	0.924753	0.926510538905859	23.617536	0.17	25
blocksworld-new_11.yml	true	1.17456	1.1765407156199217	27.693056	0.22	35
blocksworld-new_12.yml	true	1.412686	1.4193870909512043	32.579584	0.22	30
blocksworld-new_13.yml	true	1.750874	1.7533585680648685	38.543360	0.31	37
blocksworld-new_14.yml	true	2.163521	2.1657029120251536	47.640576	0.36	38
blocksworld-new_15.yml	true	2.573389	2.575666065327823	55.271424	0.37	34
blocksworld-new_16.yml	true	3.205202	3.2073701517656446	64.061440	0.54	48
blocksworld-new_17.yml	true	3.843026	3.849611470475793	74.240000	0.63	48
blocksworld-new_18.yml	true	4.579585	4.581791785545647	84.889600	0.69	48
blocksworld-new_19.yml	true	5.31735	5.320163294672966	98.091008	0.83	53
blocksworld-new_2.yml	true	0.217948	0.21946050878614187	9.969664	0	3
blocksworld-new_20.yml	true	6.237642	6.252423167228699	111.923200	0.92	49
blocksworld-new_21.yml	true	7.318802	7.321566534228623	127.053824	1.28	65
blocksworld-new_22.yml	true	8.328616	8.337821833789349	144.039936	1.31	54
blocksworld-new_23.yml	true	9.702556	9.720762153156102	166.486016	1.56	61
blocksworld-new_24.yml	true	11.355694	11.359506255947053	186.609664	1.76	60
blocksworld-new_25.yml	true	12.707666	12.71113557741046	208.515072	2.22	69
blocksworld-new_26.yml	true	14.909127	14.912914840504527	239.988736	2.81	70
blocksworld-new_27.yml	true	16.932927	16.936934793367982	272.429056	3.13	68
blocksworld-new_28.yml	true	19.238241	19.249905737116933	305.508352	3.42	67
blocksworld-new_29.yml	true	22.158194	22.177424903959036	344.559616	4.63	74
blocksworld-new_3.yml	true	0.253863	0.25600983668118715	10.399744	0.01	5
blocksworld-new_30.yml	true	24.400086	24.41642589494586	382.181376	4.89	81
blocksworld-new_31.yml	true	28.093785	28.09923929348588	448.294912	6.37	78
blocksworld-new_32.yml	true	31.486168	31.491090981289744	511.557632	7.54	77
blocksworld-new_33.yml	true	36.054671	36.064291254617274	571.633664	9.23	92
blocksworld-new_34.yml	true	41.899682	41.90648427698761	624.721920	11.01	92
blocksworld-new_35.yml	true	47.808253	47.83540111221373	691.433472	14.33	97
blocksworld-new_36.yml	true	53.201529	53.225824024528265	757.264384	14.07	94
blocksworld-new_37.yml	true	60.952999	60.961744129657745	834.605056	17.25	96
blocksworld-new_38.yml	true	64.940562	64.95066586788744	910.577664	19.55	101
blocksworld-new_39.yml	true	70.181079	70.18968984112144	998.842368	20.42	105
blocksworld-new_4.yml	true	0.281896	0.28405935782939196	10.764288	0.02	8
blocksworld-new_40.yml	true	79.202305	79.21961166337132	1085.796352	24.62	115
blocksworld-new_5.yml	true	0.403492	0.4057276286184788	11.923456	0.07	13
blocksworld-new_6.yml	true	0.436789	0.439065077342093	13.090816	0.06	13
blocksworld-new_7.yml	true	0.534697	0.537044488824904	14.819328	0.08	17
blocksworld-new_8.yml	true	0.652519	0.6550499200820923	17.154048	0.1	17
blocksworld-new_9.yml	true	0.839435	0.8418515147641301	20.414464	0.16	27
chain-of-rooms_1.yml	true	0.297183	0.2993551716208458	10.129408	0.05	28
chain-of-rooms_10.yml	true	1.862207	1.8647404853254557	14.508032	1.52	298
chain-of-rooms_2.yml	true	0.333941	0.33550138026475906	10.326016	0.1	58
chain-of-rooms_3.yml	true	0.420979	0.4228927902877331	10.412032	0.18	88
chain-of-rooms_4.yml	true	0.52626	0.5280452528968453	10.743808	0.27	118
chain-of-rooms_5.yml	true	0.655933	0.6578248310834169	10.981376	0.39	148
chain-of-rooms_6.yml	true	0.80587	0.8077066047117114	11.186176	0.54	178
chain-of-rooms_7.yml	true	0.951711	0.9534667963162065	11.579392	0.68	208
chain-of-rooms_8.yml	true	1.160208	1.163201279938221	11.767808	0.84	238
chain-of-rooms_9.yml	true	1.515383	1.5173457376658916	12.541952	1.22	268
doors_01.yml	false	0.229654	0.23104731179773808	10.199040	0	3
doors_02.yml	false	0.249713	0.2514323592185974	10.366976	0.01	4
doors_03.yml	false	0.255923	0.2578249126672745	10.223616	0.02	5
doors_04.yml	true	0.27292	0.27466262970119715	10.547200	0.03	11
doors_05.yml	true	0.284685	0.2865667184814811	10.383360	0.05	13
doors_06.yml	true	0.29941	0.3011959521099925	10.530816	0.06	15
doors_07.yml	true	0.323002	0.3247842760756612	10.543104	0.07	17
doors_08.yml	true	0.351147	0.3529756050556898	10.584064	0.1	19
doors_09.yml	true	0.400642	0.40304456651210785	10.776576	0.14	21
doors_10.yml	true	0.497949	0.500661164522171	10.694656	0.22	23
doors_11.yml	true	0.718723	0.7207049624994397	15.749120	0.42	25
doors_12.yml	true	1.10501	1.1080080457031727	27.979776	0.75	27
doors_13.yml	true	1.910424	1.9124886812642217	50.905088	1.46	29
doors_14.yml	true	3.664191	3.6675026789307594	101.294080	3.01	31
doors_15.yml	true	7.310041	7.316343564540148	198.590464	6.23	33
earth_observation_01.yml	true	0.264464	0.26613591611385345	9.994240	0.05	21
earth_observation_02.yml	true	0.235958	0.23902361560612917	9.928704	0.01	6
earth_observation_03.yml	true	0.282915	0.28454036824405193	10.031104	0.07	29
earth_observation_04.yml	true	0.379784	0.3826223462820053	10.080256	0.15	61
earth_observation_05.yml	true	0.339901	0.34160191752016544	10.018816	0.12	49
earth_observation_06.yml	true	0.303296	0.3062535785138607	10.014720	0.08	29
earth_observation_07.yml	true	0.26371	0.26555984001606703	10.080256	0.05	20
earth_observation_08.yml	true	0.237362	0.24064652994275093	10.043392	0.01	6
earth_observation_09.yml	true	0.330603	0.3323750337585807	10.096640	0.11	50
earth_observation_10.yml	true	0.499834	0.5027686171233654	10.240000	0.26	104
earth_observation_11.yml	true	0.279297	0.2812408823519945	10.137600	0.02	7
earth_observation_12.yml	true	0.382629	0.38568516075611115	10.137600	0.15	70
earth_observation_13.yml	true	0.446238	0.44851099886000156	10.072064	0.19	80
earth_observation_14.yml	true	0.331935	0.334975334815681	10.178560	0.1	42
earth_observation_15.yml	true	0.614205	0.6161299161612988	10.440704	0.37	155
earth_observation_16.yml	true	0.24909	0.25076415203511715	10.027008	0.03	14
earth_observation_17.yml	true	0.531923	0.5337143111974001	10.252288	0.3	129
earth_observation_18.yml	true	0.43596	0.43769968766719103	10.530816	0.2	97
earth_observation_19.yml	true	0.536291	0.540833530947566	10.444800	0.29	130
earth_observation_20.yml	true	0.58603	0.5879810340702534	10.600448	0.34	151
earth_observation_21.yml	true	0.355483	0.35725833009928465	10.006528	0.12	55
earth_observation_22.yml	true	0.508294	0.5116070546209812	10.244096	0.27	120
earth_observation_23.yml	true	0.653637	0.6556399837136269	10.653696	0.4	179
earth_observation_24.yml	true	0.668345	0.6701086070388556	10.850304	0.42	191
earth_observation_25.yml	true	0.655469	0.6575400652363896	10.686464	0.4	186
earth_observation_26.yml	true	0.397577	0.39963970240205526	10.199040	0.16	84
earth_observation_27.yml	true	0.406413	0.40827922243624926	10.223616	0.18	73
earth_observation_28.yml	true	0.862888	0.8648420888930559	10.567680	0.61	235
earth_observation_29.yml	true	0.369142	0.37134743854403496	10.842112	0.11	44
earth_observation_30.yml	true	1.09364	1.0958736557513475	11.259904	0.82	315
earth_observation_31.yml	true	0.346035	0.3480425672605634	10.240000	0.12	41
earth_observation_32.yml	true	1.557584	1.5596208199858665	10.948608	1.29	495
earth_observation_33.yml	true	0.896806	0.8990325154736638	10.788864	0.64	276
earth_observation_34.yml	true	0.832243	0.8342424230650067	10.932224	0.58	250
earth_observation_35.yml	true	1.290691	1.2929183449596167	11.427840	1.01	395
earth_observation_36.yml	true	0.420436	0.42222275026142597	10.354688	0.18	83
earth_observation_37.yml	true	1.33401	1.3360907100141048	10.932224	1.08	436
earth_observation_38.yml	true	0.909299	0.9113062042742968	11.124736	0.65	285
earth_observation_39.yml	true	0.606006	0.608017629943788	11.272192	0.34	153
earth_observation_40.yml	true	2.795174	2.797992848791182	11.780096	2.49	792
elevators_01.yml	true	0.251279	0.2535478016361594	10.076160	0.02	14
elevators_02.yml	true	0.243966	0.2457537269219756	10.235904	0.01	9
elevators_03.yml	true	0.248399	0.25028394535183907	10.018816	0.02	16
elevators_04.yml	true	0.256371	0.2581816054880619	10.264576	0.02	14
elevators_05.yml	true	0.241471	0.24333632830530405	10.186752	0.02	13
elevators_06.yml	true	0.322318	0.3249626625329256	10.342400	0.07	32
elevators_07.yml	true	0.276682	0.278586408123374	10.137600	0.04	26
elevators_08.yml	true	0.352352	0.35434968769550323	10.199040	0.11	43
elevators_09.yml	true	0.37442	0.3763745306059718	10.248192	0.14	66
elevators_10.yml	true	0.431463	0.4335297420620918	10.125312	0.2	58
elevators_11.yml	true	0.9529	0.9552490208297968	10.461184	0.61	65
elevators_12.yml	true	0.398649	0.4007465997710824	10.420224	0.16	46
elevators_13.yml	true	0.695028	0.700681583955884	10.469376	0.45	146
elevators_14.yml	true	0.401545	0.40368001628667116	10.436608	0.16	55
elevators_15.yml	true	0.59757	0.5995425032451749	10.420224	0.36	95
faults-ipc08_01.yml	true	0.227702	0.23318600840866566	10.076160	0.01	4
faults-ipc08_02.yml	true	0.237966	0.23978278879076242	9.826304	0.01	6
faults-ipc08_03.yml	true	0.237814	0.23954519629478455	9.895936	0.01	5
faults-ipc08_04.yml	true	0.243121	0.24493985529989004	9.900032	0.02	8
faults-ipc08_05.yml	true	0.276758	0.2790156099945307	9.986048	0.01	7
faults-ipc08_06.yml	true	0.260629	0.26564607582986355	10.039296	0.01	7
faults-ipc08_07.yml	true	0.252288	0.2544700410217047	9.904128	0.03	10
faults-ipc08_08.yml	true	0.246739	0.2485663928091526	10.039296	0.02	9
faults-ipc08_09.yml	true	0.297495	0.30440851859748363	10.059776	0.02	9
faults-ipc08_10.yml	true	0.272743	0.27478013560175896	10.121216	0.02	9
faults-ipc08_11.yml	true	0.270477	0.2728267787024379	10.088448	0.03	12
faults-ipc08_12.yml	true	0.248589	0.25032325740903616	10.076160	0.03	11
faults-ipc08_13.yml	true	0.271727	0.27361276000738144	10.158080	0.02	11
faults-ipc08_14.yml	true	0.304732	0.3072225693613291	10.190848	0.03	11
faults-ipc08_15.yml	true	0.276039	0.27802398055791855	10.293248	0.03	11
faults-ipc08_16.yml	true	0.254321	0.2561610732227564	9.945088	0.03	14
faults-ipc08_17.yml	true	0.267846	0.26980507653206587	10.096640	0.03	13
faults-ipc08_18.yml	true	0.304072	0.3065034570172429	10.117120	0.03	13
faults-ipc08_19.yml	true	0.278142	0.2802556222304702	10.219520	0.03	13
faults-ipc08_20.yml	true	0.285566	0.28731276374310255	10.289152	0.03	13
faults-ipc08_21.yml	true	0.301552	0.30354311875998974	10.502144	0.05	13
faults-ipc08_22.yml	true	0.301535	0.3037987928837538	9.973760	0.04	16
faults-ipc08_23.yml	true	0.272834	0.2747389720752835	10.104832	0.04	15
faults-ipc08_24.yml	true	0.279191	0.2809661291539669	10.108928	0.04	15
faults-ipc08_25.yml	true	0.289283	0.29125725477933884	10.334208	0.04	15
faults-ipc08_26.yml	true	0.334506	0.33691350650042295	10.551296	0.05	15
faults-ipc08_27.yml	true	0.311864	0.31411034520715475	10.579968	0.04	15
faults-ipc08_28.yml	true	0.3224	0.32419797219336033	10.944512	0.05	15
faults-ipc08_29.yml	true	0.271074	0.2729458808898926	10.051584	0.05	18
faults-ipc08_30.yml	true	0.314038	0.3164420844987035	10.199040	0.05	17
faults-ipc08_31.yml	true	0.295057	0.29708701837807894	10.227712	0.04	17
faults-ipc08_32.yml	true	0.297423	0.2994615649804473	10.428416	0.05	17
faults-ipc08_33.yml	true	0.311765	0.3136612409725785	10.588160	0.05	17
faults-ipc08_34.yml	true	0.359259	0.36152489855885506	10.887168	0.06	17
faults-ipc08_35.yml	true	0.345968	0.34794019535183907	10.903552	0.06	17
faults-ipc08_36.yml	true	0.348959	0.3547432264313102	11.182080	0.06	17
faults-ipc08_37.yml	true	0.286897	0.28931587282568216	10.113024	0.06	20
faults-ipc08_38.yml	true	0.327954	0.33030663803219795	10.113024	0.06	19
faults-ipc08_39.yml	true	0.311201	0.3131826873868704	10.330112	0.06	19
faults-ipc08_40.yml	true	0.309743	0.3117655487731099	10.530816	0.05	19
faults-ipc08_41.yml	true	0.31826	0.3201920883730054	10.665984	0.06	19
faults-ipc08_42.yml	true	0.336954	0.3389103300869465	10.993664	0.06	19
faults-ipc08_43.yml	true	0.35438	0.35635357443243265	11.145216	0.06	19
faults-ipc08_44.yml	true	0.359682	0.36161141376942396	11.378688	0.07	19
faults-ipc08_45.yml	true	0.387518	0.3895269026979804	11.579392	0.08	19
faults-ipc08_46.yml	true	0.290975	0.29294033627957106	10.129408	0.06	22
faults-ipc08_47.yml	true	0.341588	0.3437425112351775	10.047488	0.06	21
faults-ipc08_48.yml	true	0.31755	0.3192832600325346	10.412032	0.06	21
faults-ipc08_49.yml	true	0.320673	0.3229312701150775	10.469376	0.07	21
faults-ipc08_50.yml	true	0.330411	0.3326046960428357	10.756096	0.07	21
faults-ipc08_51.yml	true	0.393033	0.39520119316875935	10.928128	0.07	21
faults-ipc08_52.yml	true	0.365314	0.3672979176044464	11.104256	0.07	21
faults-ipc08_53.yml	true	0.370474	0.3724672868847847	11.366400	0.08	21
faults-ipc08_54.yml	true	0.384185	0.38596522342413664	11.595776	0.08	21
faults-ipc08_55.yml	true	0.428141	0.42997501231729984	11.907072	0.09	21
first-responders-ipc08_01.yml	true	0.263433	0.26578071154654026	9.994240	0	4
first-responders-ipc08_02.yml	true	0.227905	0.23023918736726046	10.100736	0	5
first-responders-ipc08_03.yml	true	0.235084	0.24013462755829096	10.096640	0.01	6
first-responders-ipc08_04.yml	true	0.27303	0.27515872847288847	10.096640	0.01	7
first-responders-ipc08_05.yml	true	0.2506	0.2526136115193367	10.104832	0.01	8
first-responders-ipc08_06.yml	true	0.268114	0.27047996781766415	10.215424	0.02	9
first-responders-ipc08_07.yml	true	0.253143	0.2549882782623172	10.059776	0.02	10
first-responders-ipc08_08.yml	true	0.28629	0.28868576791137457	10.129408	0.02	11
first-responders-ipc08_09.yml	true	0.267731	0.270016485825181	10.133504	0.02	12
first-responders-ipc08_10.yml	true	0.275551	0.27757549844682217	10.305536	0.02	13
first-responders-ipc08_100.yml	false	0.29021	0.29198271967470646	15.028224	-1	4
first-responders-ipc08_101.yml	true	0.388101	0.3902063760906458	13.676544	0.01	4
first-responders-ipc08_102.yml	true	0.370227	0.3722530324012041	12.603392	0.02	7
first-responders-ipc08_103.yml	true	0.469671	0.4714786931872368	15.175680	0.05	14
first-responders-ipc08_104.yml	true	0.532026	0.534052724018693	14.835712	0.1	21
first-responders-ipc08_105.yml	true	0.473134	0.4900404931977391	13.570048	0.1	26
first-responders-ipc08_106.yml	false	0.273551	0.27734656166285276	14.118912	-1	4
first-responders-ipc08_107.yml	true	0.580728	0.5824661189690232	15.077376	0.15	32
first-responders-ipc08_108.yml	true	0.997174	0.9990370469167829	23.121920	0.2	30
first-responders-ipc08_109.yml	false	0.267223	0.26919387467205524	13.168640	-1	4
first-responders-ipc08_11.yml	false	0.209654	0.21121506579220295	10.072064	-1	4
first-responders-ipc08_110.yml	true	1.040341	1.0602541230618954	23.871488	0.25	43
first-responders-ipc08_12.yml	true	0.240044	0.24253724794834852	10.174464	0.01	5
first-responders-ipc08_13.yml	true	0.260788	0.26242354698479176	10.067968	0.03	13
first-responders-ipc08_14.yml	true	0.249266	0.2507772920653224	10.182656	0.02	9
first-responders-ipc08_15.yml	false	0.223848	0.22918739542365074	10.031104	-1	4
first-responders-ipc08_16.yml	false	0.215678	0.21731458604335785	10.043392	-1	4
first-responders-ipc08_17.yml	true	0.316055	0.3181360587477684	10.407936	0.06	18
first-responders-ipc08_18.yml	true	0.28038	0.2823122339323163	10.358784	0.03	13
first-responders-ipc08_19.yml	false	0.237918	0.2475810730829835	10.326016	-1	4
first-responders-ipc08_20.yml	false	0.222312	0.2268339805305004	10.240000	-1	4
first-responders-ipc08_31.yml	true	0.24497	0.26360477320849895	10.231808	0	5
first-responders-ipc08_32.yml	true	0.262535	0.2650359468534589	10.059776	0.02	12
first-responders-ipc08_33.yml	false	0.22747	0.22897044382989407	10.178560	-1	4
first-responders-ipc08_34.yml	false	0.238634	0.2404527524486184	10.321920	-1	4
first-responders-ipc08_35.yml	false	0.213592	0.21909765619784594	10.231808	-1	4
first-responders-ipc08_36.yml	false	0.221518	0.23843473941087723	10.043392	-1	4
first-responders-ipc08_37.yml	true	0.332688	0.33461393136531115	10.358784	0.08	24
first-responders-ipc08_38.yml	true	0.29582	0.2978965127840638	10.358784	0.05	20
first-responders-ipc08_39.yml	false	0.215752	0.22001620661467314	10.137600	-1	4
first-responders-ipc08_40.yml	false	0.277072	0.27883262373507023	11.395072	-1	4
first-responders-ipc08_41.yml	true	0.245731	0.26734143774956465	10.211328	0.01	5
first-responders-ipc08_42.yml	true	0.292652	0.294693723320961	10.678272	0.04	8
first-responders-ipc08_43.yml	true	17.10744	17.111712702549994	10.289152	16.85	10
first-responders-ipc08_44.yml	true	0.358304	0.3615824971348047	10.985472	0.08	22
first-responders-ipc08_45.yml	false	0.219204	0.22095854580402374	10.084352	-1	4
first-responders-ipc08_46.yml	true	0.300801	0.3026618389412761	10.309632	0.06	14
first-responders-ipc08_47.yml	true	11.771558	11.775966484099627	11.149312	11.5	21
first-responders-ipc08_48.yml	true	0.39329	0.3952158261090517	11.685888	0.1	27
first-responders-ipc08_49.yml	true	0.329904	0.33182073291391134	10.952704	0.06	23
first-responders-ipc08_50.yml	false	0.226803	0.2288011247292161	10.653696	-1	4
first-responders-ipc08_51.yml	true	0.258532	0.2606501644477248	10.620928	0.01	4
first-responders-ipc08_52.yml	true	0.262142	0.26423534471541643	10.399744	0.01	8
first-responders-ipc08_53.yml	true	0.290757	0.29262037854641676	11.177984	0.01	8
first-responders-ipc08_54.yml	true	0.321461	0.3234705198556185	10.444800	0.07	20
first-responders-ipc08_55.yml	true	0.35325	0.3553616087883711	11.091968	0.08	21
first-responders-ipc08_56.yml	false	0.22857	0.23023262526839972	11.116544	-1	4
first-responders-ipc08_57.yml	false	0.214055	0.21597987785935402	10.182656	-1	4
first-responders-ipc08_58.yml	true	0.480386	0.4825511462986469	13.213696	0.12	26
first-responders-ipc08_59.yml	true	0.402706	0.40461581386625767	11.182080	0.12	29
first-responders-ipc08_60.yml	true	0.428974	0.43101431243121624	11.530240	0.14	42
first-responders-ipc08_61.yml	true	0.260201	0.2620051531121135	10.575872	0	7
first-responders-ipc08_62.yml	true	0.290911	0.2926769470795989	10.629120	0.03	9
first-responders-ipc08_63.yml	true	0.333239	0.33542606979608536	11.157504	0.06	17
first-responders-ipc08_64.yml	true	0.357693	0.3596171922981739	11.350016	0.07	23
first-responders-ipc08_65.yml	true	0.380841	0.3827476417645812	12.242944	0.06	14
first-responders-ipc08_66.yml	false	0.254098	0.25589891988784075	10.625024	-1	4
first-responders-ipc08_67.yml	false	0.23488	0.2369758915156126	11.440128	-1	4
first-responders-ipc08_68.yml	true	0.448228	0.45039025135338306	13.033472	0.08	30
first-responders-ipc08_69.yml	true	0.478286	0.48036385141313076	13.369344	0.12	27
first-responders-ipc08_70.yml	true	0.615197	0.617144281975925	15.712256	0.16	32
first-responders-ipc08_71.yml	true	0.277569	0.2792510539293289	11.300864	0.01	4
first-responders-ipc08_72.yml	true	0.284437	0.28629925195127726	10.932224	0.01	8
first-responders-ipc08_73.yml	true	0.364944	0.3670702241361141	12.222464	0.05	13
first-responders-ipc08_74.yml	true	0.362571	0.36497847456485033	11.735040	0.06	18
first-responders-ipc08_75.yml	true	0.410894	0.41295354068279266	13.615104	0.04	14
first-responders-ipc08_76.yml	true	0.425552	0.42787278164178133	12.931072	0.08	20
first-responders-ipc08_77.yml	true	0.426463	0.42825088649988174	12.034048	0.12	25
first-responders-ipc08_78.yml	true	0.348982	0.3511286601424217	12.443648	0.03	12
first-responders-ipc08_79.yml	false	0.329429	0.3312337137758732	12.464128	-1	4
first-responders-ipc08_80.yml	true	0.476063	0.48023668862879276	13.443072	0.12	29
first-responders-ipc08_81.yml	true	0.308565	0.3108318382874131	12.009472	0.01	5
first-responders-ipc08_82.yml	true	0.289498	0.29133423045277596	11.382784	0.01	8
first-responders-ipc08_83.yml	false	0.22213	0.22377636283636093	10.862592	-1	4
first-responders-ipc08_84.yml	true	0.466125	0.46821128483861685	14.229504	0.08	17
first-responders-ipc08_85.yml	true	0.439256	0.44143799785524607	12.869632	0.08	22
first-responders-ipc08_86.yml	true	0.495777	0.4976313589140773	14.594048	0.09	24
first-responders-ipc08_87.yml	true	0.599106	0.6012959964573383	16.220160	0.14	25
first-responders-ipc08_88.yml	true	0.577066	0.5788929127156734	14.569472	0.17	38
first-responders-ipc08_89.yml	true	0.60632	0.6083962479606271	16.441344	0.12	23
first-responders-ipc08_90.yml	true	0.488166	0.4898808365687728	13.533184	0.12	26
first-responders-ipc08_91.yml	true	0.28953	0.29129599034786224	11.157504	0.02	12
first-responders-ipc08_92.yml	true	0.375178	0.37716909125447273	12.251136	0.05	15
first-responders-ipc08_93.yml	true	0.429679	0.4317207857966423	13.520896	0.07	18
first-responders-ipc08_94.yml	false	0.224852	0.2267130147665739	10.223616	-1	4
first-responders-ipc08_95.yml	false	0.374394	0.37626017816364765	13.414400	-1	4
first-responders-ipc08_96.yml	true	0.718628	0.7205371605232358	19.316736	0.13	22
first-responders-ipc08_97.yml	true	0.41611	0.4181885262951255	12.025856	0.11	36
first-responders-ipc08_98.yml	true	0.906174	0.9130562925711274	20.279296	0.27	94
first-responders-ipc08_99.yml	false	0.604918	0.606816228479147	18.501632	-1	4
islands_01.yml	true	0.233151	0.2349983025342226	10.063872	0.01	4
islands_02.yml	true	0.241671	0.24378879461437464	10.002432	0.01	4
islands_03.yml	true	0.245005	0.24812867864966393	10.022912	0.01	4
islands_04.yml	true	0.247413	0.2493649534881115	10.178560	0.01	4
islands_05.yml	true	0.244758	0.2465808279812336	10.194944	0.01	4
islands_06.yml	true	0.249902	0.2517816061154008	10.383360	0.01	4
islands_07.yml	true	0.253401	0.2554669491946697	10.305536	0.02	4
islands_08.yml	true	0.259534	0.26152388844639063	10.477568	0.01	4
islands_09.yml	true	0.259494	0.2613254738971591	10.641408	0.01	4
islands_10.yml	true	0.262223	0.2638485711067915	10.739712	0.01	4
islands_11.yml	true	0.270251	0.2719081435352564	10.858496	0.01	4
islands_12.yml	true	0.278986	0.2809303728863597	10.801152	0.02	4
islands_13.yml	true	0.252936	0.25602066703140736	10.010624	0.01	6
islands_14.yml	true	0.256411	0.2584631722420454	10.342400	0.02	6
islands_15.yml	true	0.34295	0.34504600055515766	10.596352	0.1	6
islands_16.yml	true	2.055574	2.0578956166282296	12.001280	1.8	6
islands_17.yml	true	43.5113	43.51687937788665	205.860864	43.22	6
islands_18.yml	OUT OF MEMORY (false)	519.678279	519.3034343374893	4096.000000	-1	-1
islands_19.yml	OUT OF MEMORY (false)	310.594293	310.21827798429877	4096.000000	-1	-1
islands_20.yml	OUT OF MEMORY (false)	238.012171	237.67233841493726	4096.000000	-1	-1
islands_21.yml	OUT OF MEMORY (false)	203.121906	202.75707304943353	4096.000000	-1	-1
islands_22.yml	OUT OF MEMORY (false)	179.964734	179.58208290673792	4096.000000	-1	-1
islands_23.yml	OUT OF MEMORY (false)	164.616187	164.23887742683291	4096.000000	-1	-1
islands_24.yml	OUT OF MEMORY (false)	154.803062	154.42995260097086	4096.000000	-1	-1
islands_25.yml	true	0.254734	0.2565454291179776	10.407936	0.02	8
islands_26.yml	true	0.284765	0.2868561986833811	10.702848	0.03	8
islands_27.yml	true	0.620894	0.6228457372635603	11.149312	0.36	8
islands_28.yml	true	15.582504	15.587549466639757	76.058624	15.3	8
islands_29.yml	true	679.344854	679.3914890447631	2701.201408	678.76	8
islands_30.yml	OUT OF MEMORY (false)	340.611065	340.2293397625908	4096.000000	-1	-1
islands_31.yml	OUT OF MEMORY (false)	261.710603	261.31515595596284	4096.000000	-1	-1
islands_32.yml	OUT OF MEMORY (false)	226.25449	225.8610691325739	4096.000000	-1	-1
islands_33.yml	OUT OF MEMORY (false)	205.510365	205.13663133885711	4096.000000	-1	-1
islands_34.yml	OUT OF MEMORY (false)	181.848166	181.45793800149113	4096.000000	-1	-1
islands_35.yml	OUT OF MEMORY (false)	165.515523	165.10913061350584	4096.000000	-1	-1
islands_36.yml	OUT OF MEMORY (false)	163.890296	163.46796833723783	4096.000000	-1	-1
islands_37.yml	true	0.273313	0.27531310077756643	10.592256	0.03	10
islands_38.yml	true	0.321495	0.3232153598219156	11.141120	0.07	10
islands_39.yml	true	2.518368	2.5205985801294446	11.882496	2.23	10
islands_40.yml	true	161.797541	161.8275589151308	473.300992	161.43	10
islands_41.yml	OUT OF MEMORY (false)	453.197299	452.8077193284407	4096.000000	-1	-1
islands_42.yml	OUT OF MEMORY (false)	333.19074	332.7863971814513	4096.000000	-1	-1
islands_43.yml	OUT OF MEMORY (false)	272.844494	272.44443423021585	4096.000000	-1	-1
islands_44.yml	OUT OF MEMORY (false)	241.039918	240.65089545305818	4096.000000	-1	-1
islands_45.yml	OUT OF MEMORY (false)	219.421703	219.03160195518285	4096.000000	-1	-1
islands_46.yml	OUT OF MEMORY (false)	202.98678	202.5702032474801	4096.000000	-1	-1
islands_47.yml	OUT OF MEMORY (false)	191.943001	191.55295553710312	4096.000000	-1	-1
islands_48.yml	OUT OF MEMORY (false)	200.033059	199.61873974185437	4096.000000	-1	-1
islands_49.yml	true	0.302851	0.30472829565405846	10.936320	0.04	12
islands_50.yml	true	0.394345	0.39628555439412594	11.755520	0.1	12
islands_51.yml	true	6.73044	6.732837940566242	22.704128	6.41	12
islands_52.yml	true	653.114129	653.1607685536146	1567.825920	652.6	12
islands_53.yml	OUT OF MEMORY (false)	435.262836	434.83726789429784	4096.000000	-1	-1
islands_54.yml	OUT OF MEMORY (false)	344.81653	344.4210630878806	4096.000000	-1	-1
islands_55.yml	OUT OF MEMORY (false)	270.28446	269.88435882143676	4096.000000	-1	-1
islands_56.yml	OUT OF MEMORY (false)	274.861409	274.47978107631207	4096.000000	-1	-1
islands_57.yml	OUT OF MEMORY (false)	253.263183	252.8675727630034	4096.000000	-1	-1
islands_58.yml	OUT OF MEMORY (false)	235.718084	235.3047691611573	4096.000000	-1	-1
islands_59.yml	OUT OF MEMORY (false)	240.467501	240.0505714789033	4096.000000	-1	-1
islands_60.yml	OUT OF MEMORY (false)	242.113838	241.6714558005333	4096.000000	-1	-1
miner_01.yml	true	0.647698	0.6497319219633937	10.481664	0.4	22
miner_02.yml	true	0.330308	0.3322678953409195	10.747904	0.07	15
miner_03.yml	true	603.948939	603.9950629891828	2199.441408	603.43	16
miner_04.yml	OUT OF MEMORY (false)	494.364315	494.0077124480158	4096.000000	-1	-1
miner_05.yml	true	10.414865	10.418069616891444	42.041344	10.1	19
miner_06.yml	OUT OF MEMORY (false)	604.516214	604.1396283367649	4096.000000	-1	-1
miner_07.yml	OUT OF MEMORY (false)	606.467996	606.0649821544066	4096.000000	-1	-1
miner_08.yml	OUT OF MEMORY (false)	597.194886	596.8009540494531	4096.000000	-1	-1
miner_09.yml	OUT OF MEMORY (false)	781.054063	780.642411429435	4096.000000	-1	-1
miner_10.yml	true	423.071375	423.1024382356554	2092.199936	422.47	18
miner_11.yml	OUT OF MEMORY (false)	536.323367	535.9257082687691	4096.000000	-1	-1
miner_12.yml	true	642.531511	642.636992960237	2174.570496	641.95	19
miner_13.yml	OUT OF MEMORY (false)	708.96206	708.5743376789615	4096.000000	-1	-1
miner_14.yml	OUT OF MEMORY (false)	725.949773	725.5466015990824	4096.000000	-1	-1
miner_15.yml	OUT OF MEMORY (false)	789.654664	789.3049136567861	4096.000000	-1	-1
miner_16.yml	OUT OF MEMORY (false)	1156.709892	1156.350660443306	4096.000000	-1	-1
miner_17.yml	OUT OF MEMORY (false)	873.864233	873.4834827100858	4096.000000	-1	-1
miner_18.yml	true	12.697996	12.701068370603025	18.812928	12.29	20
miner_19.yml	OUT OF MEMORY (false)	1001.099578	1000.7281309198588	4096.000000	-1	-1
miner_20.yml	OUT OF MEMORY (false)	782.324268	781.9342667749152	4096.000000	-1	-1
miner_21.yml	true	237.559144	237.59862489625812	1005.379584	236.99	25
miner_22.yml	OUT OF MEMORY (false)	894.920791	894.5460609709844	4096.000000	-1	-1
miner_23.yml	OUT OF MEMORY (false)	867.452715	867.1603089980781	4096.000000	-1	-1
miner_24.yml	OUT OF MEMORY (false)	877.923404	877.5447852322832	4096.000000	-1	-1
miner_25.yml	true	12.448936	12.452522811479867	17.829888	11.99	23
miner_26.yml	OUT OF MEMORY (false)	1108.358092	1108.0160483196378	4096.000000	-1	-1
miner_27.yml	OUT OF MEMORY (false)	1058.250913	1058.0846222387627	4096.000000	-1	-1
miner_28.yml	OUT OF MEMORY (false)	786.001845	785.6344529949129	4096.000000	-1	-1
miner_29.yml	OUT OF MEMORY (false)	801.38445	801.0080758668482	4096.000000	-1	-1
miner_30.yml	true	845.792261	845.8520147753879	3921.805312	844.85	18
miner_31.yml	true	31.453072	31.456960323266685	114.814976	30.98	21
miner_32.yml	OUT OF MEMORY (false)	1264.913483	1264.5878821527585	4096.000000	-1	-1
miner_33.yml	true	355.569398	355.625446325168	1154.772992	354.78	29
miner_34.yml	OUT OF MEMORY (false)	812.907217	812.5312627395615	4096.000000	-1	-1
miner_35.yml	OUT OF MEMORY (false)	1294.743431	1294.4171192878857	4096.000000	-1	-1
miner_36.yml	OUT OF MEMORY (false)	1042.540437	1042.2197666270658	4096.000000	-1	-1
miner_37.yml	OUT OF MEMORY (false)	1131.844055	1131.5796421393752	4096.000000	-1	-1
miner_38.yml	OUT OF MEMORY (false)	1213.238829	1212.8899943912402	4096.000000	-1	-1
miner_39.yml	OUT OF MEMORY (false)	1387.754604	1387.6002370184287	4096.000000	-1	-1
miner_40.yml	OUT OF MEMORY (false)	1161.159977	1160.7900944100693	4096.000000	-1	-1
miner_41.yml	OUT OF MEMORY (false)	1050.452611	1050.0995120089501	4096.000000	-1	-1
miner_42.yml	OUT OF MEMORY (false)	1225.848103	1225.5125137474388	4096.000000	-1	-1
miner_43.yml	OUT OF MEMORY (false)	1498.863189	1498.5644594095647	4096.000000	-1	-1
miner_44.yml	OUT OF MEMORY (false)	1012.757639	1012.4917310625315	4096.000000	-1	-1
miner_45.yml	OUT OF MEMORY (false)	1817.410604	1817.1048141187057	4096.000000	-1	-1
miner_46.yml	OUT OF MEMORY (false)	1183.791006	1183.443252850324	4096.000000	-1	-1
miner_47.yml	OUT OF MEMORY (false)	1259.504269	1259.1653024973348	4096.000000	-1	-1
miner_48.yml	OUT OF MEMORY (false)	1226.6545	1226.5125010926276	4096.000000	-1	-1
miner_49.yml	OUT OF MEMORY (false)	1169.741681	1169.3645174317062	4096.000000	-1	-1
miner_50.yml	OUT OF MEMORY (false)	1434.283407	1433.930936644785	4096.000000	-1	-1
miner_51.yml	OUT OF MEMORY (false)	1787.227523	1787.0307848816738	4096.000000	-1	-1
spiky-tireworld_01.yml	true	4983.47703	4983.811936690472	454.922240	4983.15	23
spiky-tireworld_02.yml	TIMEOUT (false)	14400.215024	14401.003778638318	1701.625856	-1	-1
spiky-tireworld_03.yml	TIMEOUT (false)	14400.209802	14401.003296699375	1829.687296	-1	-1
spiky-tireworld_04.yml	true	55.728904	56.016089199110866	14.897152	55.49	23
spiky-tireworld_05.yml	TIMEOUT (false)	14400.249174	14401.00325379707	1778.827264	-1	-1
spiky-tireworld_06.yml	TIMEOUT (false)	14400.265448	14401.002930619754	2085.470208	-1	-1
spiky-tireworld_07.yml	TIMEOUT (false)	14400.660264	14401.725369238295	2060.394496	14400	42
spiky-tireworld_08.yml	TIMEOUT (false)	14400.217951	14401.00326221995	2030.784512	-1	-1
spiky-tireworld_09.yml	TIMEOUT (false)	14401.229941	14403.709796031937	2011.660288	-1	-1
spiky-tireworld_10.yml	TIMEOUT (false)	14401.240754	14402.013322205283	2329.858048	-1	-1
spiky-tireworld_11.yml	TIMEOUT (false)	14400.374146	14401.004682603292	2295.373824	-1	-1
tireworld-truck_01.yml	true	10.480587	10.483889498747885	10.145792	10.25	15
tireworld-truck_02.yml	true	5.290185	5.293100352399051	10.211328	5.06	9
tireworld-truck_03.yml	true	148.832829	148.848019820638	20.054016	148.59	32
tireworld-truck_04.yml	true	84.821074	84.82865923270583	14.352384	84.57	15
tireworld-truck_05.yml	TIMEOUT (false)	14400.463964	14401.696323506534	474.947584	14400.1	4
tireworld-truck_06.yml	true	3432.715211	3432.9664378212765	396.935168	3432.31	44
tireworld-truck_07.yml	TIMEOUT (false)	14400.419507	14401.003314179368	2212.151296	-1	-1
tireworld-truck_08.yml	TIMEOUT (false)	14400.428684	14401.715884932317	1046.749184	14400	4
tireworld-truck_09.yml	TIMEOUT (false)	14400.188068	14401.004554811865	1678.073856	-1	-1
tireworld-truck_11.yml	TIMEOUT (false)	14401.175797	14403.478688765317	1632.468992	-1	-1
tireworld-truck_12.yml	true	159.791647	159.80951732676476	26.886144	159.53	34
tireworld-truck_13.yml	TIMEOUT (false)	14401.155031	14402.228840716183	1435.697152	14400	-1
tireworld-truck_14.yml	TIMEOUT (false)	14401.164359	14402.132284026593	1553.526784	14400	-1
tireworld-truck_15.yml	TIMEOUT (false)	14400.351504	14401.00398761034	1636.052992	-1	-1
tireworld-truck_16.yml	true	5.296619	5.299164100550115	10.223616	5.07	10
tireworld-truck_17.yml	true	15.545546	15.549123268574476	10.031104	15.31	16
tireworld-truck_18.yml	true	92.020944	92.03204672783613	28.426240	91.7	16
tireworld-truck_19.yml	true	875.720133	875.7773691620678	112.582656	875.44	22
tireworld-truck_20.yml	TIMEOUT (false)	14400.18692	14401.003446397372	1774.043136	-1	-1
tireworld-truck_21.yml	TIMEOUT (false)	14400.353507	14401.645941315219	434.470912	14400.1	5
tireworld-truck_22.yml	TIMEOUT (false)	14400.441328	14401.695642824285	916.336640	14400	5
tireworld-truck_23.yml	TIMEOUT (false)	14400.268493	14401.003336406313	1736.224768	-1	-1
tireworld-truck_24.yml	TIMEOUT (false)	14400.60499	14403.108935023658	1950.437376	14400	5
tireworld-truck_25.yml	TIMEOUT (false)	14401.218722	14402.028727297671	1921.855488	-1	-1
tireworld-truck_26.yml	true	1249.789007	1249.8849092358723	239.362048	1249.39	22
tireworld-truck_27.yml	true	174.920866	174.93393278867006	44.769280	174.61	36
tireworld-truck_28.yml	TIMEOUT (false)	14401.133178	14402.017266797833	1318.187008	14400.1	-1
tireworld-truck_29.yml	TIMEOUT (false)	14401.204559	14402.092531373724	1997.754368	14400.1	-1
tireworld-truck_30.yml	TIMEOUT (false)	14400.42007	14401.003474797122	3757.690880	-1	-1
tireworld-truck_31.yml	TIMEOUT (false)	14400.489866	14401.003383737057	3907.702784	-1	-1
tireworld-truck_32.yml	TIMEOUT (false)	14400.33134	14401.00445299875	2495.586304	-1	-1
tireworld-truck_33.yml	TIMEOUT (false)	14400.267771	14401.00359140616	1934.282752	-1	-1
tireworld-truck_34.yml	true	15.874234	15.879228150472045	10.104832	15.65	17
tireworld-truck_35.yml	true	36.901616	36.910602073185146	10.076160	36.67	23
tireworld-truck_36.yml	true	890.184016	890.3450574046001	134.103040	889.78	23
tireworld-truck_37.yml	true	101.170805	101.19132925197482	56.750080	100.71	17
tireworld-truck_38.yml	TIMEOUT (false)	14400.367818	14403.736308418214	475.504640	14400.1	6
tireworld-truck_39.yml	TIMEOUT (false)	14401.179399	14402.03314650245	1767.759872	-1	-1
tireworld-truck_40.yml	TIMEOUT (false)	14401.180774	14402.018328452483	1801.641984	-1	-1
tireworld-truck_41.yml	TIMEOUT (false)	14400.219238	14401.00399529934	1720.160256	-1	-1
tireworld-truck_42.yml	TIMEOUT (false)	14401.18017	14402.015771105886	1756.606464	-1	-1
tireworld-truck_43.yml	TIMEOUT (false)	14401.202475	14402.020486358553	1970.110464	-1	-1
tireworld-truck_44.yml	TIMEOUT (false)	14400.199548	14401.003087616526	1929.637888	-1	-1
tireworld-truck_45.yml	TIMEOUT (false)	14400.306156	14401.003063960932	1967.788032	-1	-1
tireworld-truck_46.yml	true	212.069018	212.10997381061316	67.198976	211.66	36
tireworld-truck_47.yml	true	216.703428	216.74251648411155	62.566400	216.36	43
tireworld-truck_48.yml	TIMEOUT (false)	14401.287201	14404.386347577907	2787.680256	14400	-1
tireworld-truck_49.yml	TIMEOUT (false)	14400.346633	14401.619373087771	418.689024	14400	6
tireworld-truck_50.yml	TIMEOUT (false)	14400.388351	14401.700673338957	437.633024	14400.1	6
tireworld-truck_51.yml	TIMEOUT (false)	14400.183465	14401.003116755746	1763.151872	-1	-1
tireworld-truck_52.yml	TIMEOUT (false)	14401.178938	14402.045027844608	1732.751360	-1	-1
tireworld-truck_53.yml	TIMEOUT (false)	14400.494928	14401.674072735012	885.506048	14400	6
tireworld-truck_54.yml	OUT OF MEMORY (false)	12655.550642	12655.962299345993	4096.000000	-1	-1
tireworld-truck_55.yml	TIMEOUT (false)	14400.367322	14401.002639453858	2739.675136	-1	-1
tireworld-truck_56.yml	TIMEOUT (false)	14401.254671	14403.84216886852	2639.302656	14400	-1
tireworld-truck_57.yml	TIMEOUT (false)	14401.191487	14402.050421911292	1914.949632	-1	-1
tireworld-truck_58.yml	true	15.873739	15.876755302771926	10.235904	15.64	18
tireworld-truck_59.yml	true	36.992636	36.997470021247864	10.162176	36.76	24
tireworld-truck_60.yml	true	914.039527	914.1096026273444	182.161408	913.39	24
tireworld-truck_61.yml	true	132.116392	132.12955820467323	111.284224	131.36	18
tireworld-truck_62.yml	TIMEOUT (false)	14401.175194	14402.044768577442	1751.592960	-1	-1
tireworld-truck_63.yml	TIMEOUT (false)	14401.203051	14402.050524994731	1949.736960	-1	-1
tireworld-truck_64.yml	TIMEOUT (false)	14401.199616	14402.01723936107	1971.965952	-1	-1
tireworld-truck_65.yml	TIMEOUT (false)	14401.200413	14402.086241119541	1937.825792	-1	-1
tireworld-truck_66.yml	TIMEOUT (false)	14401.200468	14402.054811750539	1900.523520	-1	-1
tireworld-truck_67.yml	true	2098.839674	2098.9936980400234	341.565440	2097.73	24
tireworld-truck_68.yml	true	8109.287273	8111.070053963922	842.018816	8108.05	27
tireworld-truck_69.yml	TIMEOUT (false)	14401.324828	14402.009536956437	3305.996288	14400	-1
tireworld-truck_70.yml	TIMEOUT (false)	14401.295474	14402.061338306405	3021.910016	14400	-1
tireworld-truck_71.yml	TIMEOUT (false)	14401.201998	14402.065276779234	1957.965824	-1	-1
tireworld-truck_72.yml	TIMEOUT (false)	14401.198321	14404.137939774431	1952.006144	-1	-1
tireworld-truck_73.yml	TIMEOUT (false)	14401.221628	14402.200908306055	1919.500288	-1	-1
tireworld-truck_74.yml	TIMEOUT (false)	14401.211017	14402.423181662336	1882.730496	-1	-1
tireworld-truck_75.yml	TIMEOUT (false)	14401.331853	14402.13750884775	3002.425344	14400	-1
tireworld_01.yml	false	0.238484	0.24028422124683857	9.965568	0	6
tireworld_02.yml	true	0.228251	0.22986570559442043	10.412032	0	2
tireworld_03.yml	true	0.252831	0.25473594944924116	10.268672	0.02	5
tireworld_04.yml	true	0.25128	0.25293003115803003	10.616832	0.01	10
tireworld_05.yml	true	0.24841	0.250245762988925	10.326016	0.02	6
tireworld_06.yml	true	0.244343	0.2459582481533289	10.473472	0.01	6
tireworld_07.yml	true	0.694511	0.6965524489060044	10.457088	0.44	52
tireworld_08.yml	true	0.272861	0.2746589118614793	10.674176	0.02	10
tireworld_09.yml	false	0.290579	0.2926401924341917	10.805248	0.04	26
tireworld_10.yml	true	0.252263	0.2541615404188633	10.866688	0	2
tireworld_11.yml	true	0.264322	0.2660971190780401	10.887168	0.01	6
tireworld_12.yml	true	0.26875	0.270851974375546	11.411456	0	2
tireworld_13.yml	true	0.309336	0.31142527889460325	11.853824	0.01	6
tireworld_14.yml	true	0.33739	0.33987406361848116	11.448320	0.04	14
tireworld_15.yml	false	0.490387	0.49323645140975714	10.715136	0.23	10
triangle-tireworld_01.yml	true	0.250521	0.25284483190625906	9.883648	0.03	11
triangle-tireworld_02.yml	true	0.279718	0.2820753054693341	9.986048	0.04	23
triangle-tireworld_03.yml	true	0.318995	0.32121101301163435	10.223616	0.08	35
triangle-tireworld_04.yml	true	0.351778	0.35395857598632574	10.473472	0.11	47
triangle-tireworld_05.yml	true	0.403505	0.40538743883371353	10.899456	0.14	59
triangle-tireworld_06.yml	true	0.472667	0.4745719823986292	11.403264	0.19	71
triangle-tireworld_07.yml	true	0.555652	0.5579065578058362	11.935744	0.26	83
triangle-tireworld_08.yml	true	0.659428	0.661464954726398	12.365824	0.33	95
triangle-tireworld_09.yml	true	0.80003	0.8020292781293392	12.996608	0.43	107
triangle-tireworld_10.yml	true	0.980144	0.982326565310359	14.131200	0.56	119
triangle-tireworld_11.yml	true	1.208079	1.2101613711565733	16.732160	0.72	131
triangle-tireworld_12.yml	true	1.518449	1.520745487883687	20.549632	0.95	143
triangle-tireworld_13.yml	true	1.834337	1.8366264468058944	25.264128	1.22	155
triangle-tireworld_14.yml	true	2.269158	2.2714494075626135	30.904320	1.58	167
triangle-tireworld_15.yml	true	2.939703	2.941956190392375	37.355520	2.14	179
triangle-tireworld_16.yml	true	3.703374	3.7059087194502354	46.002176	2.79	191
triangle-tireworld_17.yml	true	4.737849	4.740231274627149	54.849536	3.69	203
triangle-tireworld_18.yml	true	6.040234	6.042709610424936	65.331200	4.84	215
triangle-tireworld_19.yml	true	7.498262	7.5010934779420495	76.959744	6.14	227
triangle-tireworld_20.yml	true	9.481038	9.483919182792306	90.009600	7.93	239
triangle-tireworld_21.yml	true	11.946727	11.95047581102699	105.254912	10.16	251
triangle-tireworld_22.yml	true	14.737447	14.74449751432985	124.792832	12.7	263
triangle-tireworld_23.yml	true	17.254745	17.258391010574996	144.728064	14.97	275
triangle-tireworld_24.yml	true	22.998908	23.003263684920967	166.449152	20.41	287
triangle-tireworld_25.yml	true	28.270529	28.275117862969637	191.041536	25.38	299
triangle-tireworld_26.yml	true	34.479434	34.486216568388045	218.783744	31.18	311
triangle-tireworld_27.yml	true	41.922925	41.92913996707648	248.877056	38.2	323
triangle-tireworld_28.yml	true	51.571669	51.57903653383255	281.235456	47.46	335
triangle-tireworld_29.yml	true	61.853726	61.86211861949414	317.132800	57.27	347
triangle-tireworld_30.yml	true	81.323711	81.33547595050186	356.978688	76.14	359
triangle-tireworld_31.yml	true	93.980573	93.99258725345135	400.273408	88.17	371
triangle-tireworld_32.yml	true	101.142782	101.15370164532214	452.141056	94.77	383
triangle-tireworld_33.yml	true	109.451412	109.46529198158532	504.946688	102.21	395
triangle-tireworld_34.yml	true	160.091355	160.1092105889693	562.745344	152.27	407
triangle-tireworld_35.yml	true	201.17119	201.18998800963163	624.566272	192.36	419
triangle-tireworld_36.yml	true	240.761217	240.782691616565	691.343360	231.06	431
triangle-tireworld_37.yml	true	283.820222	283.8434945596382	764.149760	273.2	443
triangle-tireworld_38.yml	true	338.917202	338.95067408587784	843.776000	327.32	455
triangle-tireworld_39.yml	true	385.3794	385.41340921260417	928.079872	372.66	467
triangle-tireworld_40.yml	true	454.04938	454.08588911034167	1018.200064	440.11	479
zenotravel_01.yml	true	0.352238	0.35398187953978777	12.947456	0	1
zenotravel_02.yml	true	0.439449	0.4413691367954016	13.877248	0.06	21
zenotravel_03.yml	true	0.494549	0.49678193777799606	15.040512	0.08	27
zenotravel_04.yml	true	0.498361	0.5003094282001257	15.974400	0.04	13
zenotravel_05.yml	true	0.571512	0.5735143069177866	17.215488	0.06	21
zenotravel_06.yml	true	1.148967	1.1511018248274922	28.958720	0.18	45
zenotravel_07.yml	true	1.277448	1.2796350857242942	31.997952	0.2	45
zenotravel_08.yml	true	1.53351	1.5358094675466418	35.196928	0.29	65
zenotravel_09.yml	true	1.651716	1.65382263623178	38.592512	0.27	57
zenotravel_10.yml	true	1.752244	1.75432082824409	42.139648	0.25	49
zenotravel_11.yml	true	6.948226	6.951000644825399	121.860096	2.05	103
zenotravel_12.yml	true	6.649175	6.651849320158362	134.983680	1.12	85
zenotravel_13.yml	true	7.448371	7.451155888848007	147.988480	1.47	99
zenotravel_14.yml	true	7.889992	7.8930135210976005	162.578432	1.2	97
zenotravel_15.yml	true	17.652254	17.65693322941661	177.238016	10.48	91
